{
  "info": {
    "weixinappid": "123123",
    "weixinsecret": "123123"
  },
  "loginserver": {
    "id": 1,
    "port": 5556,
    "bAllowCrossdomain": true
  },
  "logindb": {
    "hostname": "127.0.0.1",
    "user": "root",
    "password": "mysql@ime",
    "database": "htgame",
    "connectionLimit": 10
  },
  "redis": {
    "accountTokenRedis": {
      "port": 6379,
      "host": "127.0.0.1",
      "options": {
        "connect_timeout": 36000000,
        "auth_pass":"",
        "retry_delay": 100
      }
    }
  },
  "interceptors": {
    "ctlName": [
      "game"
    ],
    "userMonitor": {
      "isNeedMonitorReq": false,
      "isNeedStatOnline": true,
      "maxReq": 200,
      "perTime": 60
    },
    "checkLogin": {
      "needSave": true,
      "gameSaveTokenTime": 86400
    }
  }
}