{
  "server": {
    "id": 1,
    "port": 5555,
    "bAllowCrossdomain": true
  },
  "worlddb": {
    "hostname": "127.0.0.1",
    "user": "root",
    "password": "root",
    "database": "web_world",
    "connectionLimit": 10
  },
  "redis": {
    "roleRedis": {
      "port": 6379,
      "host": "101.251.220.146",
      "options": {
        "connect_timeout": 36000000,
        "retry_delay": 100
      }
    },
    "accountTokenRedis": {
      "port": 6380,
      "host": "101.251.220.146",
      "options": {
        "connect_timeout": 36000000,
        "retry_delay": 100
      }
    },
    "gameTokenRedis": {
      "port": 6381,
      "host": "101.251.220.146",
      "options": {
        "connect_timeout": 36000000,
        "retry_delay": 100
      }
    },
    "monitorRedis": {
      "port": 6382,
      "host": "101.251.220.146",
      "options": {
        "connect_timeout": 36000000,
        "retry_delay": 100
      }
    }
  },
  "interceptors": {
    "ctlName": [
      "game"
    ],
    "userMonitor": {
      "isNeedMonitorReq": false,
      "isNeedStatOnline": false,
      "maxReq": 200,
      "perTime": 60
    },
    "checkLogin": {
      "needSave": true,
      "gameSaveTokenTime": 86400
    }
  }
}