{
  "version": "v4",
  "repo": "borisyankov/DefinitelyTyped",
  "ref": "master",
  "path": "typings",
  "bundle": "typings/tsd.d.ts",
  "installed": {
    "node/node.d.ts": {
      "commit": "6b19a967eff47c4d6eaf56c573ea4b8f0fc9c487"
    },
    "log4js/log4js.d.ts": {
      "commit": "6b19a967eff47c4d6eaf56c573ea4b8f0fc9c487"
    },
    "mkdirp/mkdirp.d.ts": {
      "commit": "6b19a967eff47c4d6eaf56c573ea4b8f0fc9c487"
    },
    "mysql/mysql.d.ts": {
      "commit": "6b19a967eff47c4d6eaf56c573ea4b8f0fc9c487"
    },
    "protobufjs/protobufjs.d.ts": {
      "commit": "6b19a967eff47c4d6eaf56c573ea4b8f0fc9c487"
    },
    "express/express.d.ts": {
      "commit": "25da006de5de3d2e31252fdc988296c7c212f231"
    },
    "async/async.d.ts": {
      "commit": "00e7f3fede5f2df55b56c72f40a144824f0f0bfa"
    },
    "source-map-support/source-map-support.d.ts": {
      "commit": "00e7f3fede5f2df55b56c72f40a144824f0f0bfa"
    },
    "redis/redis.d.ts": {
      "commit": "002a9a96b116bd3f9053ee1afa02c03636ffebb5"
    },
    "request/request.d.ts": {
      "commit": "3191f6e0088eee07c4d8fd24e4d27a40a60d9eb9"
    },
    "form-data/form-data.d.ts": {
      "commit": "3191f6e0088eee07c4d8fd24e4d27a40a60d9eb9"
    }
  }
}
