{
	"1": {
		"ID"			:	1,
		"type"			:	1,
		"number"		:	1,
		"count"			:	2,
		"item"			:	0,
		"item_count"	:	0,
		"currency_type"	:	1,
		"currency_num"	:	1000,
		"dec"			:	"成功通过第2关"
	},
	"2": {
		"ID"			:	2,
		"type"			:	1,
		"number"		:	2,
		"count"			:	5,
		"item"			:	0,
		"item_count"	:	0,
		"currency_type"	:	1,
		"currency_num"	:	3000,
		"dec"			:	"成功通过第5关"
	},
	"3": {
		"ID"			:	3,
		"type"			:	1,
		"number"		:	3,
		"count"			:	10,
		"item"			:	0,
		"item_count"	:	0,
		"currency_type"	:	1,
		"currency_num"	:	7000,
		"dec"			:	"成功通过第10关"
	},
	"4": {
		"ID"			:	4,
		"type"			:	1,
		"number"		:	4,
		"count"			:	20,
		"item"			:	0,
		"item_count"	:	0,
		"currency_type"	:	1,
		"currency_num"	:	10000,
		"dec"			:	"成功通过第20关"
	},
	"5": {
		"ID"			:	5,
		"type"			:	1,
		"number"		:	5,
		"count"			:	30,
		"item"			:	0,
		"item_count"	:	0,
		"currency_type"	:	1,
		"currency_num"	:	20000,
		"dec"			:	"成功通过第30关"
	},
	"6": {
		"ID"			:	6,
		"type"			:	1,
		"number"		:	6,
		"count"			:	50,
		"item"			:	0,
		"item_count"	:	0,
		"currency_type"	:	1,
		"currency_num"	:	200000,
		"dec"			:	"成功通过第50关"
	},
	"7": {
		"ID"			:	7,
		"type"			:	1,
		"number"		:	7,
		"count"			:	80,
		"item"			:	0,
		"item_count"	:	0,
		"currency_type"	:	1,
		"currency_num"	:	5000000,
		"dec"			:	"成功通过第80关"
	},
	"8": {
		"ID"			:	8,
		"type"			:	1,
		"number"		:	8,
		"count"			:	120,
		"item"			:	0,
		"item_count"	:	0,
		"currency_type"	:	1,
		"currency_num"	:	590000000,
		"dec"			:	"成功通过第120关"
	},
	"9": {
		"ID"			:	9,
		"type"			:	1,
		"number"		:	9,
		"count"			:	170,
		"item"			:	0,
		"item_count"	:	0,
		"currency_type"	:	1,
		"currency_num"	:	"2.383e+011",
		"dec"			:	"成功通过第170关"
	},
	"10": {
		"ID"			:	10,
		"type"			:	1,
		"number"		:	10,
		"count"			:	230,
		"item"			:	0,
		"item_count"	:	0,
		"currency_type"	:	1,
		"currency_num"	:	"3.21774e+014",
		"dec"			:	"成功通过第230关"
	},
	"11": {
		"ID"			:	11,
		"type"			:	1,
		"number"		:	11,
		"count"			:	300,
		"item"			:	0,
		"item_count"	:	0,
		"currency_type"	:	1,
		"currency_num"	:	"1.4447367e+018",
		"dec"			:	"成功通过第300关"
	},
	"12": {
		"ID"			:	12,
		"type"			:	1,
		"number"		:	12,
		"count"			:	400,
		"item"			:	0,
		"item_count"	:	0,
		"currency_type"	:	1,
		"currency_num"	:	"2.3838178349e+023",
		"dec"			:	"成功通过第400关"
	},
	"13": {
		"ID"			:	13,
		"type"			:	1,
		"number"		:	13,
		"count"			:	500,
		"item"			:	0,
		"item_count"	:	0,
		"currency_type"	:	1,
		"currency_num"	:	"3.9333032113e+028",
		"dec"			:	"成功通过第500关"
	},
	"14": {
		"ID"			:	14,
		"type"			:	1,
		"number"		:	14,
		"count"			:	650,
		"item"			:	0,
		"item_count"	:	0,
		"currency_type"	:	1,
		"currency_num"	:	"2.6362340773e+036",
		"dec"			:	"成功通过第650关"
	},
	"15": {
		"ID"			:	15,
		"type"			:	1,
		"number"		:	15,
		"count"			:	800,
		"item"			:	0,
		"item_count"	:	0,
		"currency_type"	:	1,
		"currency_num"	:	"1.7668940677e+044",
		"dec"			:	"成功通过第800关"
	},
	"16": {
		"ID"			:	16,
		"type"			:	1,
		"number"		:	16,
		"count"			:	950,
		"item"			:	0,
		"item_count"	:	0,
		"currency_type"	:	1,
		"currency_num"	:	"1.184232718e+052",
		"dec"			:	"成功通过第950关"
	},
	"17": {
		"ID"			:	17,
		"type"			:	1,
		"number"		:	17,
		"count"			:	1100,
		"item"			:	0,
		"item_count"	:	0,
		"currency_type"	:	1,
		"currency_num"	:	"7.9371319191e+059",
		"dec"			:	"成功通过第1100关"
	},
	"18": {
		"ID"			:	18,
		"type"			:	1,
		"number"		:	18,
		"count"			:	1400,
		"item"			:	0,
		"item_count"	:	0,
		"currency_type"	:	1,
		"currency_num"	:	"3.5654691615e+075",
		"dec"			:	"成功通过第1400关"
	},
	"19": {
		"ID"			:	19,
		"type"			:	1,
		"number"		:	19,
		"count"			:	1700,
		"item"			:	0,
		"item_count"	:	0,
		"currency_type"	:	1,
		"currency_num"	:	"1.6016579378e+091",
		"dec"			:	"成功通过第1700关"
	},
	"20": {
		"ID"			:	20,
		"type"			:	1,
		"number"		:	20,
		"count"			:	2000,
		"item"			:	0,
		"item_count"	:	0,
		"currency_type"	:	1,
		"currency_num"	:	"7.194868427e+106",
		"dec"			:	"成功通过第2000关"
	},
	"21": {
		"ID"			:	21,
		"type"			:	1,
		"number"		:	21,
		"count"			:	2200,
		"item"			:	0,
		"item_count"	:	0,
		"currency_type"	:	1,
		"currency_num"	:	"1.9588066978e+117",
		"dec"			:	"成功通过第2200关"
	},
	"22": {
		"ID"			:	22,
		"type"			:	1,
		"number"		:	22,
		"count"			:	2400,
		"item"			:	0,
		"item_count"	:	0,
		"currency_type"	:	1,
		"currency_num"	:	"5.3328614945e+127",
		"dec"			:	"成功通过第2400关"
	},
	"23": {
		"ID"			:	23,
		"type"			:	1,
		"number"		:	23,
		"count"			:	2500,
		"item"			:	0,
		"item_count"	:	0,
		"currency_type"	:	1,
		"currency_num"	:	"8.7992299302e+132",
		"dec"			:	"成功通过第2500关"
	},
	"24": {
		"ID"			:	24,
		"type"			:	1,
		"number"		:	24,
		"count"			:	2800,
		"item"			:	0,
		"item_count"	:	0,
		"currency_type"	:	1,
		"currency_num"	:	"3.9527354819e+148",
		"dec"			:	"成功通过第2800关"
	},
	"25": {
		"ID"			:	25,
		"type"			:	1,
		"number"		:	25,
		"count"			:	3000,
		"item"			:	0,
		"item_count"	:	0,
		"currency_type"	:	1,
		"currency_num"	:	"1.0761343053e+159",
		"dec"			:	"成功通过第3000关"
	},
	"26": {
		"ID"			:	26,
		"type"			:	1,
		"number"		:	26,
		"count"			:	3200,
		"item"			:	0,
		"item_count"	:	0,
		"currency_type"	:	1,
		"currency_num"	:	"2.9297812827e+169",
		"dec"			:	"成功通过第3200关"
	},
	"27": {
		"ID"			:	27,
		"type"			:	1,
		"number"		:	27,
		"count"			:	3500,
		"item"			:	0,
		"item_count"	:	0,
		"currency_type"	:	1,
		"currency_num"	:	"1.3160981725e+185",
		"dec"			:	"成功通过第3500关"
	},
	"28": {
		"ID"			:	28,
		"type"			:	1,
		"number"		:	28,
		"count"			:	3666,
		"item"			:	0,
		"item_count"	:	0,
		"currency_type"	:	1,
		"currency_num"	:	"5.4633758504e+193",
		"dec"			:	"成功通过第3666关"
	},
	"29": {
		"ID"			:	29,
		"type"			:	1,
		"number"		:	29,
		"count"			:	3777,
		"item"			:	0,
		"item_count"	:	0,
		"currency_type"	:	1,
		"currency_num"	:	"3.1169311993e+199",
		"dec"			:	"成功通过第3777关"
	},
	"30": {
		"ID"			:	30,
		"type"			:	1,
		"number"		:	30,
		"count"			:	3888,
		"item"			:	0,
		"item_count"	:	0,
		"currency_type"	:	1,
		"currency_num"	:	"1.7782521956e+205",
		"dec"			:	"成功通过第3888关"
	},
	"31": {
		"ID"			:	31,
		"type"			:	2,
		"number"		:	1,
		"count"			:	20,
		"item"			:	0,
		"item_count"	:	0,
		"currency_type"	:	1,
		"currency_num"	:	1500,
		"dec"			:	"干掉了20个坏人~"
	},
	"32": {
		"ID"			:	32,
		"type"			:	2,
		"number"		:	2,
		"count"			:	200,
		"item"			:	0,
		"item_count"	:	0,
		"currency_type"	:	1,
		"currency_num"	:	5000,
		"dec"			:	"干掉了200个坏人~"
	},
	"33": {
		"ID"			:	33,
		"type"			:	2,
		"number"		:	3,
		"count"			:	500,
		"item"			:	0,
		"item_count"	:	0,
		"currency_type"	:	1,
		"currency_num"	:	12000,
		"dec"			:	"干掉了500个坏人~"
	},
	"34": {
		"ID"			:	34,
		"type"			:	2,
		"number"		:	4,
		"count"			:	10000,
		"item"			:	0,
		"item_count"	:	0,
		"currency_type"	:	2,
		"currency_num"	:	80,
		"dec"			:	"干掉了10000个坏人~"
	},
	"35": {
		"ID"			:	35,
		"type"			:	2,
		"number"		:	5,
		"count"			:	100000,
		"item"			:	0,
		"item_count"	:	0,
		"currency_type"	:	2,
		"currency_num"	:	120,
		"dec"			:	"干掉了100000个坏人~"
	},
	"36": {
		"ID"			:	36,
		"type"			:	2,
		"number"		:	6,
		"count"			:	9999999,
		"item"			:	0,
		"item_count"	:	0,
		"currency_type"	:	2,
		"currency_num"	:	160,
		"dec"			:	"干掉了9999999个坏人~"
	},
	"37": {
		"ID"			:	37,
		"type"			:	3,
		"number"		:	1,
		"count"			:	3,
		"item"			:	0,
		"item_count"	:	0,
		"currency_type"	:	1,
		"currency_num"	:	1800,
		"dec"			:	"3位赤焰军战死"
	},
	"38": {
		"ID"			:	38,
		"type"			:	3,
		"number"		:	2,
		"count"			:	120,
		"item"			:	0,
		"item_count"	:	0,
		"currency_type"	:	1,
		"currency_num"	:	4000,
		"dec"			:	"120位赤焰军战死"
	},
	"39": {
		"ID"			:	39,
		"type"			:	3,
		"number"		:	3,
		"count"			:	300,
		"item"			:	0,
		"item_count"	:	0,
		"currency_type"	:	1,
		"currency_num"	:	12000,
		"dec"			:	"300位赤焰军战死"
	},
	"40": {
		"ID"			:	40,
		"type"			:	3,
		"number"		:	4,
		"count"			:	30000,
		"item"			:	0,
		"item_count"	:	0,
		"currency_type"	:	2,
		"currency_num"	:	80,
		"dec"			:	"30000位赤焰军战死"
	},
	"41": {
		"ID"			:	41,
		"type"			:	3,
		"number"		:	5,
		"count"			:	300000,
		"item"			:	0,
		"item_count"	:	0,
		"currency_type"	:	2,
		"currency_num"	:	120,
		"dec"			:	"300000位赤焰军战死"
	},
	"42": {
		"ID"			:	42,
		"type"			:	3,
		"number"		:	6,
		"count"			:	9999999,
		"item"			:	0,
		"item_count"	:	0,
		"currency_type"	:	2,
		"currency_num"	:	160,
		"dec"			:	"9999999位赤焰军战死"
	},
	"43": {
		"ID"			:	43,
		"type"			:	4,
		"number"		:	1,
		"count"			:	150,
		"item"			:	0,
		"item_count"	:	0,
		"currency_type"	:	1,
		"currency_num"	:	1200,
		"dec"			:	"派遣了150位赤焰军"
	},
	"44": {
		"ID"			:	44,
		"type"			:	4,
		"number"		:	2,
		"count"			:	3000,
		"item"			:	0,
		"item_count"	:	0,
		"currency_type"	:	1,
		"currency_num"	:	30000,
		"dec"			:	"派遣了3000位赤焰军"
	},
	"45": {
		"ID"			:	45,
		"type"			:	4,
		"number"		:	3,
		"count"			:	30000,
		"item"			:	0,
		"item_count"	:	0,
		"currency_type"	:	1,
		"currency_num"	:	3000000,
		"dec"			:	"派遣了30000位赤焰军"
	},
	"46": {
		"ID"			:	46,
		"type"			:	5,
		"number"		:	1,
		"count"			:	1,
		"item"			:	0,
		"item_count"	:	0,
		"currency_type"	:	2,
		"currency_num"	:	180,
		"dec"			:	"购买1次金币"
	},
	"47": {
		"ID"			:	47,
		"type"			:	5,
		"number"		:	2,
		"count"			:	50,
		"item"			:	0,
		"item_count"	:	0,
		"currency_type"	:	2,
		"currency_num"	:	360,
		"dec"			:	"购买50次金币"
	},
	"48": {
		"ID"			:	48,
		"type"			:	5,
		"number"		:	3,
		"count"			:	300,
		"item"			:	0,
		"item_count"	:	0,
		"currency_type"	:	2,
		"currency_num"	:	720,
		"dec"			:	"购买300次金币"
	},
	"49": {
		"ID"			:	49,
		"type"			:	5,
		"number"		:	4,
		"count"			:	800,
		"item"			:	0,
		"item_count"	:	0,
		"currency_type"	:	2,
		"currency_num"	:	1440,
		"dec"			:	"购买800次金币"
	},
	"50": {
		"ID"			:	50,
		"type"			:	5,
		"number"		:	5,
		"count"			:	2000,
		"item"			:	0,
		"item_count"	:	0,
		"currency_type"	:	2,
		"currency_num"	:	2880,
		"dec"			:	"购买2000次金币"
	},
	"51": {
		"ID"			:	51,
		"type"			:	6,
		"number"		:	1,
		"count"			:	2,
		"item"			:	0,
		"item_count"	:	0,
		"currency_type"	:	1,
		"currency_num"	:	8000,
		"dec"			:	"拥有2个英雄"
	},
	"52": {
		"ID"			:	52,
		"type"			:	6,
		"number"		:	2,
		"count"			:	5,
		"item"			:	0,
		"item_count"	:	0,
		"currency_type"	:	1,
		"currency_num"	:	200000,
		"dec"			:	"拥有5个英雄"
	},
	"53": {
		"ID"			:	53,
		"type"			:	6,
		"number"		:	3,
		"count"			:	10,
		"item"			:	0,
		"item_count"	:	0,
		"currency_type"	:	1,
		"currency_num"	:	9000000000,
		"dec"			:	"拥有10个英雄"
	},
	"54": {
		"ID"			:	54,
		"type"			:	6,
		"number"		:	4,
		"count"			:	17,
		"item"			:	0,
		"item_count"	:	0,
		"currency_type"	:	2,
		"currency_num"	:	120,
		"dec"			:	"拥有17个英雄"
	},
	"55": {
		"ID"			:	55,
		"type"			:	6,
		"number"		:	5,
		"count"			:	25,
		"item"			:	0,
		"item_count"	:	0,
		"currency_type"	:	2,
		"currency_num"	:	160,
		"dec"			:	"拥有25个英雄"
	},
	"56": {
		"ID"			:	56,
		"type"			:	6,
		"number"		:	6,
		"count"			:	32,
		"item"			:	0,
		"item_count"	:	0,
		"currency_type"	:	2,
		"currency_num"	:	200,
		"dec"			:	"拥有32个英雄"
	},
	"57": {
		"ID"			:	57,
		"type"			:	7,
		"number"		:	1,
		"count"			:	3,
		"item"			:	0,
		"item_count"	:	0,
		"currency_type"	:	1,
		"currency_num"	:	30000,
		"dec"			:	"使用3次技能"
	},
	"58": {
		"ID"			:	58,
		"type"			:	7,
		"number"		:	2,
		"count"			:	30,
		"item"			:	0,
		"item_count"	:	0,
		"currency_type"	:	1,
		"currency_num"	:	300000,
		"dec"			:	"使用30次技能"
	},
	"59": {
		"ID"			:	59,
		"type"			:	7,
		"number"		:	3,
		"count"			:	300,
		"item"			:	0,
		"item_count"	:	0,
		"currency_type"	:	2,
		"currency_num"	:	160,
		"dec"			:	"使用300次技能"
	},
	"60": {
		"ID"			:	60,
		"type"			:	7,
		"number"		:	3,
		"count"			:	3000,
		"item"			:	0,
		"item_count"	:	0,
		"currency_type"	:	2,
		"currency_num"	:	240,
		"dec"			:	"使用3000次技能"
	},
	"61": {
		"ID"			:	61,
		"type"			:	8,
		"number"		:	1,
		"count"			:	1,
		"item"			:	0,
		"item_count"	:	0,
		"currency_type"	:	2,
		"currency_num"	:	120,
		"dec"			:	"使用1次赤炎冲锋"
	},
	"62": {
		"ID"			:	62,
		"type"			:	8,
		"number"		:	2,
		"count"			:	50,
		"item"			:	0,
		"item_count"	:	0,
		"currency_type"	:	2,
		"currency_num"	:	200,
		"dec"			:	"使用50次赤炎冲锋"
	},
	"63": {
		"ID"			:	63,
		"type"			:	8,
		"number"		:	3,
		"count"			:	200,
		"item"			:	0,
		"item_count"	:	0,
		"currency_type"	:	2,
		"currency_num"	:	320,
		"dec"			:	"使用200次赤炎冲锋"
	},
	"64": {
		"ID"			:	64,
		"type"			:	8,
		"number"		:	4,
		"count"			:	500,
		"item"			:	0,
		"item_count"	:	0,
		"currency_type"	:	2,
		"currency_num"	:	640,
		"dec"			:	"使用500次赤炎冲锋"
	},
	"65": {
		"ID"			:	65,
		"type"			:	8,
		"number"		:	5,
		"count"			:	1000,
		"item"			:	0,
		"item_count"	:	0,
		"currency_type"	:	2,
		"currency_num"	:	880,
		"dec"			:	"使用1000次赤炎冲锋"
	},
	"66": {
		"ID"			:	66,
		"type"			:	9,
		"number"		:	1,
		"count"			:	10,
		"item"			:	0,
		"item_count"	:	0,
		"currency_type"	:	1,
		"currency_num"	:	1000,
		"dec"			:	"击破10只宝箱"
	},
	"67": {
		"ID"			:	67,
		"type"			:	9,
		"number"		:	2,
		"count"			:	150,
		"item"			:	0,
		"item_count"	:	0,
		"currency_type"	:	1,
		"currency_num"	:	30000,
		"dec"			:	"击破150只宝箱"
	},
	"68": {
		"ID"			:	68,
		"type"			:	9,
		"number"		:	3,
		"count"			:	3000,
		"item"			:	0,
		"item_count"	:	0,
		"currency_type"	:	2,
		"currency_num"	:	80,
		"dec"			:	"击破3000只宝箱"
	},
	"69": {
		"ID"			:	69,
		"type"			:	9,
		"number"		:	4,
		"count"			:	10000,
		"item"			:	0,
		"item_count"	:	0,
		"currency_type"	:	2,
		"currency_num"	:	180,
		"dec"			:	"击破10000只宝箱"
	},
	"70": {
		"ID"			:	70,
		"type"			:	9,
		"number"		:	5,
		"count"			:	99999,
		"item"			:	0,
		"item_count"	:	0,
		"currency_type"	:	2,
		"currency_num"	:	360,
		"dec"			:	"击破99999只宝箱"
	},
	"71": {
		"ID"			:	71,
		"type"			:	10,
		"number"		:	1,
		"count"			:	5,
		"item"			:	0,
		"item_count"	:	0,
		"currency_type"	:	2,
		"currency_num"	:	120,
		"dec"			:	"收集5种装备"
	},
	"72": {
		"ID"			:	72,
		"type"			:	10,
		"number"		:	2,
		"count"			:	12,
		"item"			:	0,
		"item_count"	:	0,
		"currency_type"	:	2,
		"currency_num"	:	240,
		"dec"			:	"收集12种装备"
	},
	"73": {
		"ID"			:	73,
		"type"			:	10,
		"number"		:	3,
		"count"			:	20,
		"item"			:	0,
		"item_count"	:	0,
		"currency_type"	:	2,
		"currency_num"	:	360,
		"dec"			:	"收集20种装备"
	},
	"74": {
		"ID"			:	74,
		"type"			:	10,
		"number"		:	4,
		"count"			:	30,
		"item"			:	0,
		"item_count"	:	0,
		"currency_type"	:	1,
		"currency_num"	:	"5e+020",
		"dec"			:	"收集30种装备"
	},
	"75": {
		"ID"			:	75,
		"type"			:	11,
		"number"		:	1,
		"count"			:	3,
		"item"			:	0,
		"item_count"	:	0,
		"currency_type"	:	2,
		"currency_num"	:	120,
		"dec"			:	"升级3次装备"
	},
	"76": {
		"ID"			:	76,
		"type"			:	11,
		"number"		:	2,
		"count"			:	30,
		"item"			:	0,
		"item_count"	:	0,
		"currency_type"	:	2,
		"currency_num"	:	240,
		"dec"			:	"升级30次装备"
	},
	"77": {
		"ID"			:	77,
		"type"			:	11,
		"number"		:	3,
		"count"			:	300,
		"item"			:	0,
		"item_count"	:	0,
		"currency_type"	:	2,
		"currency_num"	:	360,
		"dec"			:	"升级300次装备"
	},
	"78": {
		"ID"			:	78,
		"type"			:	11,
		"number"		:	4,
		"count"			:	800,
		"item"			:	0,
		"item_count"	:	0,
		"currency_type"	:	2,
		"currency_num"	:	660,
		"dec"			:	"升级800次装备"
	},
	"79": {
		"ID"			:	79,
		"type"			:	11,
		"number"		:	5,
		"count"			:	1500,
		"item"			:	0,
		"item_count"	:	0,
		"currency_type"	:	1,
		"currency_num"	:	"5e+020",
		"dec"			:	"升级1500次装备"
	}
}
