{
	"1": {
		"ID"		:	1,
		"name"		:	"护主(上路)",
		"type"		:	11,
		"lv"		:	1,
		"target"	:	1,
		"count"		:	5,
		"dec"		:	"消灭上路所有敌人前，Boss血量增加#1%",
		"icon"		:	0
	},
	"2": {
		"ID"		:	2,
		"name"		:	"护主(上路)",
		"type"		:	11,
		"lv"		:	2,
		"target"	:	1,
		"count"		:	10,
		"dec"		:	"消灭上路所有敌人前，Boss血量增加#1%",
		"icon"		:	0
	},
	"3": {
		"ID"		:	3,
		"name"		:	"护主(上路)",
		"type"		:	11,
		"lv"		:	3,
		"target"	:	1,
		"count"		:	20,
		"dec"		:	"消灭上路所有敌人前，Boss血量增加#1%",
		"icon"		:	0
	},
	"4": {
		"ID"		:	4,
		"name"		:	"护主(上路)",
		"type"		:	11,
		"lv"		:	4,
		"target"	:	1,
		"count"		:	30,
		"dec"		:	"消灭上路所有敌人前，Boss血量增加#1%",
		"icon"		:	0
	},
	"5": {
		"ID"		:	5,
		"name"		:	"护主(上路)",
		"type"		:	11,
		"lv"		:	5,
		"target"	:	1,
		"count"		:	40,
		"dec"		:	"消灭上路所有敌人前，Boss血量增加#1%",
		"icon"		:	0
	},
	"6": {
		"ID"		:	6,
		"name"		:	"护主(上路)",
		"type"		:	11,
		"lv"		:	6,
		"target"	:	1,
		"count"		:	50,
		"dec"		:	"消灭上路所有敌人前，Boss血量增加#1%",
		"icon"		:	0
	},
	"7": {
		"ID"		:	7,
		"name"		:	"护主(中路)",
		"type"		:	11,
		"lv"		:	1,
		"target"	:	2,
		"count"		:	5,
		"dec"		:	"消灭中路所有敌人前，Boss血量增加#1%",
		"icon"		:	0
	},
	"8": {
		"ID"		:	8,
		"name"		:	"护主(中路)",
		"type"		:	11,
		"lv"		:	2,
		"target"	:	2,
		"count"		:	10,
		"dec"		:	"消灭中路所有敌人前，Boss血量增加#1%",
		"icon"		:	0
	},
	"9": {
		"ID"		:	9,
		"name"		:	"护主(中路)",
		"type"		:	11,
		"lv"		:	3,
		"target"	:	2,
		"count"		:	20,
		"dec"		:	"消灭中路所有敌人前，Boss血量增加#1%",
		"icon"		:	0
	},
	"10": {
		"ID"		:	10,
		"name"		:	"护主(中路)",
		"type"		:	11,
		"lv"		:	4,
		"target"	:	2,
		"count"		:	30,
		"dec"		:	"消灭中路所有敌人前，Boss血量增加#1%",
		"icon"		:	0
	},
	"11": {
		"ID"		:	11,
		"name"		:	"护主(中路)",
		"type"		:	11,
		"lv"		:	5,
		"target"	:	2,
		"count"		:	40,
		"dec"		:	"消灭中路所有敌人前，Boss血量增加#1%",
		"icon"		:	0
	},
	"12": {
		"ID"		:	12,
		"name"		:	"护主(中路)",
		"type"		:	11,
		"lv"		:	6,
		"target"	:	2,
		"count"		:	50,
		"dec"		:	"消灭中路所有敌人前，Boss血量增加#1%",
		"icon"		:	0
	},
	"13": {
		"ID"		:	13,
		"name"		:	"护主(下路)",
		"type"		:	11,
		"lv"		:	1,
		"target"	:	3,
		"count"		:	5,
		"dec"		:	"消灭下路所有敌人前，Boss血量增加#1%",
		"icon"		:	0
	},
	"14": {
		"ID"		:	14,
		"name"		:	"护主(下路)",
		"type"		:	11,
		"lv"		:	2,
		"target"	:	3,
		"count"		:	10,
		"dec"		:	"消灭下路所有敌人前，Boss血量增加#1%",
		"icon"		:	0
	},
	"15": {
		"ID"		:	15,
		"name"		:	"护主(下路)",
		"type"		:	11,
		"lv"		:	3,
		"target"	:	3,
		"count"		:	20,
		"dec"		:	"消灭下路所有敌人前，Boss血量增加#1%",
		"icon"		:	0
	},
	"16": {
		"ID"		:	16,
		"name"		:	"护主(下路)",
		"type"		:	11,
		"lv"		:	4,
		"target"	:	3,
		"count"		:	30,
		"dec"		:	"消灭下路所有敌人前，Boss血量增加#1%",
		"icon"		:	0
	},
	"17": {
		"ID"		:	17,
		"name"		:	"护主(下路)",
		"type"		:	11,
		"lv"		:	5,
		"target"	:	3,
		"count"		:	40,
		"dec"		:	"消灭下路所有敌人前，Boss血量增加#1%",
		"icon"		:	0
	},
	"18": {
		"ID"		:	18,
		"name"		:	"护主(下路)",
		"type"		:	11,
		"lv"		:	6,
		"target"	:	3,
		"count"		:	50,
		"dec"		:	"消灭下路所有敌人前，Boss血量增加#1%",
		"icon"		:	0
	},
	"19": {
		"ID"		:	19,
		"name"		:	"护军(上路)",
		"type"		:	12,
		"lv"		:	1,
		"target"	:	1,
		"count"		:	5,
		"dec"		:	"消灭上路所有敌人前，所有敌人血量增加#1%",
		"icon"		:	0
	},
	"20": {
		"ID"		:	20,
		"name"		:	"护军(上路)",
		"type"		:	12,
		"lv"		:	2,
		"target"	:	1,
		"count"		:	10,
		"dec"		:	"消灭上路所有敌人前，所有敌人血量增加#1%",
		"icon"		:	0
	},
	"21": {
		"ID"		:	21,
		"name"		:	"护军(上路)",
		"type"		:	12,
		"lv"		:	3,
		"target"	:	1,
		"count"		:	20,
		"dec"		:	"消灭上路所有敌人前，所有敌人血量增加#1%",
		"icon"		:	0
	},
	"22": {
		"ID"		:	22,
		"name"		:	"护军(上路)",
		"type"		:	12,
		"lv"		:	4,
		"target"	:	1,
		"count"		:	30,
		"dec"		:	"消灭上路所有敌人前，所有敌人血量增加#1%",
		"icon"		:	0
	},
	"23": {
		"ID"		:	23,
		"name"		:	"护军(上路)",
		"type"		:	12,
		"lv"		:	5,
		"target"	:	1,
		"count"		:	40,
		"dec"		:	"消灭上路所有敌人前，所有敌人血量增加#1%",
		"icon"		:	0
	},
	"24": {
		"ID"		:	24,
		"name"		:	"护军(上路)",
		"type"		:	12,
		"lv"		:	6,
		"target"	:	1,
		"count"		:	50,
		"dec"		:	"消灭上路所有敌人前，所有敌人血量增加#1%",
		"icon"		:	0
	},
	"25": {
		"ID"		:	25,
		"name"		:	"护军(中路)",
		"type"		:	12,
		"lv"		:	1,
		"target"	:	2,
		"count"		:	5,
		"dec"		:	"消灭中路所有敌人前，所有敌人血量增加#1%",
		"icon"		:	0
	},
	"26": {
		"ID"		:	26,
		"name"		:	"护军(中路)",
		"type"		:	12,
		"lv"		:	2,
		"target"	:	2,
		"count"		:	10,
		"dec"		:	"消灭中路所有敌人前，所有敌人血量增加#1%",
		"icon"		:	0
	},
	"27": {
		"ID"		:	27,
		"name"		:	"护军(中路)",
		"type"		:	12,
		"lv"		:	3,
		"target"	:	2,
		"count"		:	20,
		"dec"		:	"消灭中路所有敌人前，所有敌人血量增加#1%",
		"icon"		:	0
	},
	"28": {
		"ID"		:	28,
		"name"		:	"护军(中路)",
		"type"		:	12,
		"lv"		:	4,
		"target"	:	2,
		"count"		:	30,
		"dec"		:	"消灭中路所有敌人前，所有敌人血量增加#1%",
		"icon"		:	0
	},
	"29": {
		"ID"		:	29,
		"name"		:	"护军(中路)",
		"type"		:	12,
		"lv"		:	5,
		"target"	:	2,
		"count"		:	40,
		"dec"		:	"消灭中路所有敌人前，所有敌人血量增加#1%",
		"icon"		:	0
	},
	"30": {
		"ID"		:	30,
		"name"		:	"护军(中路)",
		"type"		:	12,
		"lv"		:	6,
		"target"	:	2,
		"count"		:	50,
		"dec"		:	"消灭中路所有敌人前，所有敌人血量增加#1%",
		"icon"		:	0
	},
	"31": {
		"ID"		:	31,
		"name"		:	"护军(下路)",
		"type"		:	12,
		"lv"		:	1,
		"target"	:	3,
		"count"		:	5,
		"dec"		:	"消灭下路所有敌人前，所有敌人血量增加#1%",
		"icon"		:	0
	},
	"32": {
		"ID"		:	32,
		"name"		:	"护军(下路)",
		"type"		:	12,
		"lv"		:	2,
		"target"	:	3,
		"count"		:	10,
		"dec"		:	"消灭下路所有敌人前，所有敌人血量增加#1%",
		"icon"		:	0
	},
	"33": {
		"ID"		:	33,
		"name"		:	"护军(下路)",
		"type"		:	12,
		"lv"		:	3,
		"target"	:	3,
		"count"		:	20,
		"dec"		:	"消灭下路所有敌人前，所有敌人血量增加#1%",
		"icon"		:	0
	},
	"34": {
		"ID"		:	34,
		"name"		:	"护军(下路)",
		"type"		:	12,
		"lv"		:	4,
		"target"	:	3,
		"count"		:	30,
		"dec"		:	"消灭下路所有敌人前，所有敌人血量增加#1%",
		"icon"		:	0
	},
	"35": {
		"ID"		:	35,
		"name"		:	"护军(下路)",
		"type"		:	12,
		"lv"		:	5,
		"target"	:	3,
		"count"		:	40,
		"dec"		:	"消灭下路所有敌人前，所有敌人血量增加#1%",
		"icon"		:	0
	},
	"36": {
		"ID"		:	36,
		"name"		:	"护军(下路)",
		"type"		:	12,
		"lv"		:	6,
		"target"	:	3,
		"count"		:	50,
		"dec"		:	"消灭下路所有敌人前，所有敌人血量增加#1%",
		"icon"		:	0
	},
	"37": {
		"ID"		:	37,
		"name"		:	"力战(上路)",
		"type"		:	21,
		"lv"		:	1,
		"target"	:	1,
		"count"		:	3,
		"dec"		:	"消灭上路所有敌人前，Boss攻击增加#1%",
		"icon"		:	0
	},
	"38": {
		"ID"		:	38,
		"name"		:	"力战(上路)",
		"type"		:	21,
		"lv"		:	2,
		"target"	:	1,
		"count"		:	6,
		"dec"		:	"消灭上路所有敌人前，Boss攻击增加#1%",
		"icon"		:	0
	},
	"39": {
		"ID"		:	39,
		"name"		:	"力战(上路)",
		"type"		:	21,
		"lv"		:	3,
		"target"	:	1,
		"count"		:	9,
		"dec"		:	"消灭上路所有敌人前，Boss攻击增加#1%",
		"icon"		:	0
	},
	"40": {
		"ID"		:	40,
		"name"		:	"力战(上路)",
		"type"		:	21,
		"lv"		:	4,
		"target"	:	1,
		"count"		:	12,
		"dec"		:	"消灭上路所有敌人前，Boss攻击增加#1%",
		"icon"		:	0
	},
	"41": {
		"ID"		:	41,
		"name"		:	"力战(上路)",
		"type"		:	21,
		"lv"		:	5,
		"target"	:	1,
		"count"		:	15,
		"dec"		:	"消灭上路所有敌人前，Boss攻击增加#1%",
		"icon"		:	0
	},
	"42": {
		"ID"		:	42,
		"name"		:	"力战(上路)",
		"type"		:	21,
		"lv"		:	6,
		"target"	:	1,
		"count"		:	20,
		"dec"		:	"消灭上路所有敌人前，Boss攻击增加#1%",
		"icon"		:	0
	},
	"43": {
		"ID"		:	43,
		"name"		:	"力战(中路)",
		"type"		:	21,
		"lv"		:	1,
		"target"	:	2,
		"count"		:	3,
		"dec"		:	"消灭中路所有敌人前，Boss攻击增加#1%",
		"icon"		:	0
	},
	"44": {
		"ID"		:	44,
		"name"		:	"力战(中路)",
		"type"		:	21,
		"lv"		:	2,
		"target"	:	2,
		"count"		:	6,
		"dec"		:	"消灭中路所有敌人前，Boss攻击增加#1%",
		"icon"		:	0
	},
	"45": {
		"ID"		:	45,
		"name"		:	"力战(中路)",
		"type"		:	21,
		"lv"		:	3,
		"target"	:	2,
		"count"		:	9,
		"dec"		:	"消灭中路所有敌人前，Boss攻击增加#1%",
		"icon"		:	0
	},
	"46": {
		"ID"		:	46,
		"name"		:	"力战(中路)",
		"type"		:	21,
		"lv"		:	4,
		"target"	:	2,
		"count"		:	12,
		"dec"		:	"消灭中路所有敌人前，Boss攻击增加#1%",
		"icon"		:	0
	},
	"47": {
		"ID"		:	47,
		"name"		:	"力战(中路)",
		"type"		:	21,
		"lv"		:	5,
		"target"	:	2,
		"count"		:	15,
		"dec"		:	"消灭中路所有敌人前，Boss攻击增加#1%",
		"icon"		:	0
	},
	"48": {
		"ID"		:	48,
		"name"		:	"力战(中路)",
		"type"		:	21,
		"lv"		:	6,
		"target"	:	2,
		"count"		:	20,
		"dec"		:	"消灭中路所有敌人前，Boss攻击增加#1%",
		"icon"		:	0
	},
	"49": {
		"ID"		:	49,
		"name"		:	"力战(下路)",
		"type"		:	21,
		"lv"		:	1,
		"target"	:	3,
		"count"		:	3,
		"dec"		:	"消灭下路所有敌人前，Boss攻击增加#1%",
		"icon"		:	0
	},
	"50": {
		"ID"		:	50,
		"name"		:	"力战(下路)",
		"type"		:	21,
		"lv"		:	2,
		"target"	:	3,
		"count"		:	6,
		"dec"		:	"消灭下路所有敌人前，Boss攻击增加#1%",
		"icon"		:	0
	},
	"51": {
		"ID"		:	51,
		"name"		:	"力战(下路)",
		"type"		:	21,
		"lv"		:	3,
		"target"	:	3,
		"count"		:	9,
		"dec"		:	"消灭下路所有敌人前，Boss攻击增加#1%",
		"icon"		:	0
	},
	"52": {
		"ID"		:	52,
		"name"		:	"力战(下路)",
		"type"		:	21,
		"lv"		:	4,
		"target"	:	3,
		"count"		:	12,
		"dec"		:	"消灭下路所有敌人前，Boss攻击增加#1%",
		"icon"		:	0
	},
	"53": {
		"ID"		:	53,
		"name"		:	"力战(下路)",
		"type"		:	21,
		"lv"		:	5,
		"target"	:	3,
		"count"		:	15,
		"dec"		:	"消灭下路所有敌人前，Boss攻击增加#1%",
		"icon"		:	0
	},
	"54": {
		"ID"		:	54,
		"name"		:	"力战(下路)",
		"type"		:	21,
		"lv"		:	6,
		"target"	:	3,
		"count"		:	20,
		"dec"		:	"消灭下路所有敌人前，Boss攻击增加#1%",
		"icon"		:	0
	},
	"55": {
		"ID"		:	55,
		"name"		:	"兴奋(上路)",
		"type"		:	22,
		"lv"		:	1,
		"target"	:	1,
		"count"		:	3,
		"dec"		:	"消灭上路所有敌人前，所有敌人攻击增加#1%",
		"icon"		:	0
	},
	"56": {
		"ID"		:	56,
		"name"		:	"兴奋(上路)",
		"type"		:	22,
		"lv"		:	2,
		"target"	:	1,
		"count"		:	6,
		"dec"		:	"消灭上路所有敌人前，所有敌人攻击增加#1%",
		"icon"		:	0
	},
	"57": {
		"ID"		:	57,
		"name"		:	"兴奋(上路)",
		"type"		:	22,
		"lv"		:	3,
		"target"	:	1,
		"count"		:	9,
		"dec"		:	"消灭上路所有敌人前，所有敌人攻击增加#1%",
		"icon"		:	0
	},
	"58": {
		"ID"		:	58,
		"name"		:	"兴奋(上路)",
		"type"		:	22,
		"lv"		:	4,
		"target"	:	1,
		"count"		:	12,
		"dec"		:	"消灭上路所有敌人前，所有敌人攻击增加#1%",
		"icon"		:	0
	},
	"59": {
		"ID"		:	59,
		"name"		:	"兴奋(上路)",
		"type"		:	22,
		"lv"		:	5,
		"target"	:	1,
		"count"		:	15,
		"dec"		:	"消灭上路所有敌人前，所有敌人攻击增加#1%",
		"icon"		:	0
	},
	"60": {
		"ID"		:	60,
		"name"		:	"兴奋(上路)",
		"type"		:	22,
		"lv"		:	6,
		"target"	:	1,
		"count"		:	20,
		"dec"		:	"消灭上路所有敌人前，所有敌人攻击增加#1%",
		"icon"		:	0
	},
	"61": {
		"ID"		:	61,
		"name"		:	"兴奋(中路)",
		"type"		:	22,
		"lv"		:	1,
		"target"	:	2,
		"count"		:	3,
		"dec"		:	"消灭中路所有敌人前，所有敌人攻击增加#1%",
		"icon"		:	0
	},
	"62": {
		"ID"		:	62,
		"name"		:	"兴奋(中路)",
		"type"		:	22,
		"lv"		:	2,
		"target"	:	2,
		"count"		:	6,
		"dec"		:	"消灭中路所有敌人前，所有敌人攻击增加#1%",
		"icon"		:	0
	},
	"63": {
		"ID"		:	63,
		"name"		:	"兴奋(中路)",
		"type"		:	22,
		"lv"		:	3,
		"target"	:	2,
		"count"		:	9,
		"dec"		:	"消灭中路所有敌人前，所有敌人攻击增加#1%",
		"icon"		:	0
	},
	"64": {
		"ID"		:	64,
		"name"		:	"兴奋(中路)",
		"type"		:	22,
		"lv"		:	4,
		"target"	:	2,
		"count"		:	12,
		"dec"		:	"消灭中路所有敌人前，所有敌人攻击增加#1%",
		"icon"		:	0
	},
	"65": {
		"ID"		:	65,
		"name"		:	"兴奋(中路)",
		"type"		:	22,
		"lv"		:	5,
		"target"	:	2,
		"count"		:	15,
		"dec"		:	"消灭中路所有敌人前，所有敌人攻击增加#1%",
		"icon"		:	0
	},
	"66": {
		"ID"		:	66,
		"name"		:	"兴奋(中路)",
		"type"		:	22,
		"lv"		:	6,
		"target"	:	2,
		"count"		:	20,
		"dec"		:	"消灭中路所有敌人前，所有敌人攻击增加#1%",
		"icon"		:	0
	},
	"67": {
		"ID"		:	67,
		"name"		:	"兴奋(下路)",
		"type"		:	22,
		"lv"		:	1,
		"target"	:	3,
		"count"		:	3,
		"dec"		:	"消灭下路所有敌人前，所有敌人攻击增加#1%",
		"icon"		:	0
	},
	"68": {
		"ID"		:	68,
		"name"		:	"兴奋(下路)",
		"type"		:	22,
		"lv"		:	2,
		"target"	:	3,
		"count"		:	6,
		"dec"		:	"消灭下路所有敌人前，所有敌人攻击增加#1%",
		"icon"		:	0
	},
	"69": {
		"ID"		:	69,
		"name"		:	"兴奋(下路)",
		"type"		:	22,
		"lv"		:	3,
		"target"	:	3,
		"count"		:	9,
		"dec"		:	"消灭下路所有敌人前，所有敌人攻击增加#1%",
		"icon"		:	0
	},
	"70": {
		"ID"		:	70,
		"name"		:	"兴奋(下路)",
		"type"		:	22,
		"lv"		:	4,
		"target"	:	3,
		"count"		:	12,
		"dec"		:	"消灭下路所有敌人前，所有敌人攻击增加#1%",
		"icon"		:	0
	},
	"71": {
		"ID"		:	71,
		"name"		:	"兴奋(下路)",
		"type"		:	22,
		"lv"		:	5,
		"target"	:	3,
		"count"		:	15,
		"dec"		:	"消灭下路所有敌人前，所有敌人攻击增加#1%",
		"icon"		:	0
	},
	"72": {
		"ID"		:	72,
		"name"		:	"兴奋(下路)",
		"type"		:	22,
		"lv"		:	6,
		"target"	:	3,
		"count"		:	20,
		"dec"		:	"消灭下路所有敌人前，所有敌人攻击增加#1%",
		"icon"		:	0
	},
	"73": {
		"ID"		:	73,
		"name"		:	"大将(上路)",
		"type"		:	31,
		"lv"		:	1,
		"target"	:	1,
		"count"		:	25,
		"dec"		:	"消灭上路所有敌人前，Boss生命回复增加#1%",
		"icon"		:	0
	},
	"74": {
		"ID"		:	74,
		"name"		:	"大将(上路)",
		"type"		:	31,
		"lv"		:	2,
		"target"	:	1,
		"count"		:	50,
		"dec"		:	"消灭上路所有敌人前，Boss生命回复增加#1%",
		"icon"		:	0
	},
	"75": {
		"ID"		:	75,
		"name"		:	"大将(上路)",
		"type"		:	31,
		"lv"		:	3,
		"target"	:	1,
		"count"		:	100,
		"dec"		:	"消灭上路所有敌人前，Boss生命回复增加#1%",
		"icon"		:	0
	},
	"76": {
		"ID"		:	76,
		"name"		:	"大将(上路)",
		"type"		:	31,
		"lv"		:	4,
		"target"	:	1,
		"count"		:	150,
		"dec"		:	"消灭上路所有敌人前，Boss生命回复增加#1%",
		"icon"		:	0
	},
	"77": {
		"ID"		:	77,
		"name"		:	"大将(上路)",
		"type"		:	31,
		"lv"		:	5,
		"target"	:	1,
		"count"		:	200,
		"dec"		:	"消灭上路所有敌人前，Boss生命回复增加#1%",
		"icon"		:	0
	},
	"78": {
		"ID"		:	78,
		"name"		:	"大将(上路)",
		"type"		:	31,
		"lv"		:	6,
		"target"	:	1,
		"count"		:	250,
		"dec"		:	"消灭上路所有敌人前，Boss生命回复增加#1%",
		"icon"		:	0
	},
	"79": {
		"ID"		:	79,
		"name"		:	"大将(中路)",
		"type"		:	31,
		"lv"		:	1,
		"target"	:	2,
		"count"		:	25,
		"dec"		:	"消灭中路所有敌人前，Boss生命回复增加#1%",
		"icon"		:	0
	},
	"80": {
		"ID"		:	80,
		"name"		:	"大将(中路)",
		"type"		:	31,
		"lv"		:	2,
		"target"	:	2,
		"count"		:	50,
		"dec"		:	"消灭中路所有敌人前，Boss生命回复增加#1%",
		"icon"		:	0
	},
	"81": {
		"ID"		:	81,
		"name"		:	"大将(中路)",
		"type"		:	31,
		"lv"		:	3,
		"target"	:	2,
		"count"		:	100,
		"dec"		:	"消灭中路所有敌人前，Boss生命回复增加#1%",
		"icon"		:	0
	},
	"82": {
		"ID"		:	82,
		"name"		:	"大将(中路)",
		"type"		:	31,
		"lv"		:	4,
		"target"	:	2,
		"count"		:	150,
		"dec"		:	"消灭中路所有敌人前，Boss生命回复增加#1%",
		"icon"		:	0
	},
	"83": {
		"ID"		:	83,
		"name"		:	"大将(中路)",
		"type"		:	31,
		"lv"		:	5,
		"target"	:	2,
		"count"		:	200,
		"dec"		:	"消灭中路所有敌人前，Boss生命回复增加#1%",
		"icon"		:	0
	},
	"84": {
		"ID"		:	84,
		"name"		:	"大将(中路)",
		"type"		:	31,
		"lv"		:	6,
		"target"	:	2,
		"count"		:	250,
		"dec"		:	"消灭中路所有敌人前，Boss生命回复增加#1%",
		"icon"		:	0
	},
	"85": {
		"ID"		:	85,
		"name"		:	"大将(下路)",
		"type"		:	31,
		"lv"		:	1,
		"target"	:	3,
		"count"		:	25,
		"dec"		:	"消灭下路所有敌人前，Boss生命回复增加#1%",
		"icon"		:	0
	},
	"86": {
		"ID"		:	86,
		"name"		:	"大将(下路)",
		"type"		:	31,
		"lv"		:	2,
		"target"	:	3,
		"count"		:	50,
		"dec"		:	"消灭下路所有敌人前，Boss生命回复增加#1%",
		"icon"		:	0
	},
	"87": {
		"ID"		:	87,
		"name"		:	"大将(下路)",
		"type"		:	31,
		"lv"		:	3,
		"target"	:	3,
		"count"		:	100,
		"dec"		:	"消灭下路所有敌人前，Boss生命回复增加#1%",
		"icon"		:	0
	},
	"88": {
		"ID"		:	88,
		"name"		:	"大将(下路)",
		"type"		:	31,
		"lv"		:	4,
		"target"	:	3,
		"count"		:	150,
		"dec"		:	"消灭下路所有敌人前，Boss生命回复增加#1%",
		"icon"		:	0
	},
	"89": {
		"ID"		:	89,
		"name"		:	"大将(下路)",
		"type"		:	31,
		"lv"		:	5,
		"target"	:	3,
		"count"		:	200,
		"dec"		:	"消灭下路所有敌人前，Boss生命回复增加#1%",
		"icon"		:	0
	},
	"90": {
		"ID"		:	90,
		"name"		:	"大将(下路)",
		"type"		:	31,
		"lv"		:	6,
		"target"	:	3,
		"count"		:	250,
		"dec"		:	"消灭下路所有敌人前，Boss生命回复增加#1%",
		"icon"		:	0
	},
	"91": {
		"ID"		:	91,
		"name"		:	"精锐(上路)",
		"type"		:	32,
		"lv"		:	1,
		"target"	:	1,
		"count"		:	25,
		"dec"		:	"消灭上路所有敌人前，所有敌人生命回复增加#1%",
		"icon"		:	0
	},
	"92": {
		"ID"		:	92,
		"name"		:	"精锐(上路)",
		"type"		:	32,
		"lv"		:	2,
		"target"	:	1,
		"count"		:	50,
		"dec"		:	"消灭上路所有敌人前，所有敌人生命回复增加#1%",
		"icon"		:	0
	},
	"93": {
		"ID"		:	93,
		"name"		:	"精锐(上路)",
		"type"		:	32,
		"lv"		:	3,
		"target"	:	1,
		"count"		:	100,
		"dec"		:	"消灭上路所有敌人前，所有敌人生命回复增加#1%",
		"icon"		:	0
	},
	"94": {
		"ID"		:	94,
		"name"		:	"精锐(上路)",
		"type"		:	32,
		"lv"		:	4,
		"target"	:	1,
		"count"		:	150,
		"dec"		:	"消灭上路所有敌人前，所有敌人生命回复增加#1%",
		"icon"		:	0
	},
	"95": {
		"ID"		:	95,
		"name"		:	"精锐(上路)",
		"type"		:	32,
		"lv"		:	5,
		"target"	:	1,
		"count"		:	200,
		"dec"		:	"消灭上路所有敌人前，所有敌人生命回复增加#1%",
		"icon"		:	0
	},
	"96": {
		"ID"		:	96,
		"name"		:	"精锐(上路)",
		"type"		:	32,
		"lv"		:	6,
		"target"	:	1,
		"count"		:	250,
		"dec"		:	"消灭上路所有敌人前，所有敌人生命回复增加#1%",
		"icon"		:	0
	},
	"97": {
		"ID"		:	97,
		"name"		:	"精锐(中路)",
		"type"		:	32,
		"lv"		:	1,
		"target"	:	2,
		"count"		:	25,
		"dec"		:	"消灭中路所有敌人前，所有敌人生命回复增加#1%",
		"icon"		:	0
	},
	"98": {
		"ID"		:	98,
		"name"		:	"精锐(中路)",
		"type"		:	32,
		"lv"		:	2,
		"target"	:	2,
		"count"		:	50,
		"dec"		:	"消灭中路所有敌人前，所有敌人生命回复增加#1%",
		"icon"		:	0
	},
	"99": {
		"ID"		:	99,
		"name"		:	"精锐(中路)",
		"type"		:	32,
		"lv"		:	3,
		"target"	:	2,
		"count"		:	100,
		"dec"		:	"消灭中路所有敌人前，所有敌人生命回复增加#1%",
		"icon"		:	0
	},
	"100": {
		"ID"		:	100,
		"name"		:	"精锐(中路)",
		"type"		:	32,
		"lv"		:	4,
		"target"	:	2,
		"count"		:	150,
		"dec"		:	"消灭中路所有敌人前，所有敌人生命回复增加#1%",
		"icon"		:	0
	},
	"101": {
		"ID"		:	101,
		"name"		:	"精锐(中路)",
		"type"		:	32,
		"lv"		:	5,
		"target"	:	2,
		"count"		:	200,
		"dec"		:	"消灭中路所有敌人前，所有敌人生命回复增加#1%",
		"icon"		:	0
	},
	"102": {
		"ID"		:	102,
		"name"		:	"精锐(中路)",
		"type"		:	32,
		"lv"		:	6,
		"target"	:	2,
		"count"		:	250,
		"dec"		:	"消灭中路所有敌人前，所有敌人生命回复增加#1%",
		"icon"		:	0
	},
	"103": {
		"ID"		:	103,
		"name"		:	"精锐(下路)",
		"type"		:	32,
		"lv"		:	1,
		"target"	:	3,
		"count"		:	25,
		"dec"		:	"消灭下路所有敌人前，所有敌人生命回复增加#1%",
		"icon"		:	0
	},
	"104": {
		"ID"		:	104,
		"name"		:	"精锐(下路)",
		"type"		:	32,
		"lv"		:	2,
		"target"	:	3,
		"count"		:	50,
		"dec"		:	"消灭下路所有敌人前，所有敌人生命回复增加#1%",
		"icon"		:	0
	},
	"105": {
		"ID"		:	105,
		"name"		:	"精锐(下路)",
		"type"		:	32,
		"lv"		:	3,
		"target"	:	3,
		"count"		:	100,
		"dec"		:	"消灭下路所有敌人前，所有敌人生命回复增加#1%",
		"icon"		:	0
	},
	"106": {
		"ID"		:	106,
		"name"		:	"精锐(下路)",
		"type"		:	32,
		"lv"		:	4,
		"target"	:	3,
		"count"		:	150,
		"dec"		:	"消灭下路所有敌人前，所有敌人生命回复增加#1%",
		"icon"		:	0
	},
	"107": {
		"ID"		:	107,
		"name"		:	"精锐(下路)",
		"type"		:	32,
		"lv"		:	5,
		"target"	:	3,
		"count"		:	200,
		"dec"		:	"消灭下路所有敌人前，所有敌人生命回复增加#1%",
		"icon"		:	0
	},
	"108": {
		"ID"		:	108,
		"name"		:	"精锐(下路)",
		"type"		:	32,
		"lv"		:	6,
		"target"	:	3,
		"count"		:	250,
		"dec"		:	"消灭下路所有敌人前，所有敌人生命回复增加#1%",
		"icon"		:	0
	}
}
