{
	"1": {
		"ID"			:	1,
		"res"			:	136,
		"name"			:	"赤焰军",
		"type"			:	0,
		"hp"			:	0.35,
		"attack"		:	0.25,
		"lv_up_gold"	:	2.2,
		"nature_num"	:	0,
		"speed"			:	100,
		"max_speed"		:	150,
		"time"			:	0,
		"up_time"		:	0,
		"max_time"		:	0,
		"pos"			:	0
	},
	"2": {
		"ID"			:	2,
		"res"			:	102,
		"name"			:	"赤炎先锋",
		"type"			:	1,
		"hp"			:	0,
		"attack"		:	0,
		"lv_up_gold"	:	0,
		"nature_num"	:	0,
		"speed"			:	0,
		"max_speed"		:	0,
		"time"			:	6,
		"up_time"		:	0,
		"max_time"		:	0,
		"pos"			:	0
	},
	"3": {
		"ID"			:	3,
		"res"			:	0,
		"name"			:	"童路",
		"type"			:	2,
		"hp"			:	4,
		"attack"		:	5.8,
		"lv_up_gold"	:	5,
		"nature_num"	:	0,
		"speed"			:	105,
		"max_speed"		:	189,
		"time"			:	6.5,
		"up_time"		:	0.01,
		"max_time"		:	3.25,
		"pos"			:	1
	},
	"4": {
		"ID"			:	4,
		"res"			:	1,
		"name"			:	"百里奇",
		"type"			:	2,
		"hp"			:	66.15,
		"attack"		:	35.28,
		"lv_up_gold"	:	49,
		"nature_num"	:	0,
		"speed"			:	108,
		"max_speed"		:	194,
		"time"			:	8,
		"up_time"		:	0.01,
		"max_time"		:	4,
		"pos"			:	2
	},
	"5": {
		"ID"			:	5,
		"res"			:	2,
		"name"			:	"隽娘",
		"type"			:	2,
		"hp"			:	878.85,
		"attack"		:	803.52,
		"lv_up_gold"	:	837,
		"nature_num"	:	0,
		"speed"			:	111,
		"max_speed"		:	199,
		"time"			:	9,
		"up_time"		:	0.01,
		"max_time"		:	4.5,
		"pos"			:	3
	},
	"6": {
		"ID"			:	6,
		"res"			:	3,
		"name"			:	"言豫津",
		"type"			:	2,
		"hp"			:	6891.75,
		"attack"		:	11026.8,
		"lv_up_gold"	:	9189,
		"nature_num"	:	0,
		"speed"			:	100,
		"max_speed"		:	180,
		"time"			:	10,
		"up_time"		:	0.01,
		"max_time"		:	5,
		"pos"			:	1
	},
	"7": {
		"ID"			:	7,
		"res"			:	4,
		"name"			:	"十三先生",
		"type"			:	2,
		"hp"			:	97377.85,
		"attack"		:	106603.12,
		"lv_up_gold"	:	102503,
		"nature_num"	:	0,
		"speed"			:	95,
		"max_speed"		:	171,
		"time"			:	11,
		"up_time"		:	0.01,
		"max_time"		:	5.5,
		"pos"			:	3
	},
	"8": {
		"ID"			:	8,
		"res"			:	5,
		"name"			:	"夏冬",
		"type"			:	2,
		"hp"			:	2379770.4,
		"attack"		:	1665839.28,
		"lv_up_gold"	:	1983142,
		"nature_num"	:	0,
		"speed"			:	115,
		"max_speed"		:	207,
		"time"			:	12,
		"up_time"		:	0.01,
		"max_time"		:	6,
		"pos"			:	2
	},
	"9": {
		"ID"			:	9,
		"res"			:	6,
		"name"			:	"谢弼",
		"type"			:	2,
		"hp"			:	324336656.7,
		"attack"		:	296536371.84,
		"lv_up_gold"	:	308892054,
		"nature_num"	:	0,
		"speed"			:	103,
		"max_speed"		:	185,
		"time"			:	13,
		"up_time"		:	0.01,
		"max_time"		:	6.5,
		"pos"			:	2
	},
	"10": {
		"ID"			:	10,
		"res"			:	7,
		"name"			:	"穆青",
		"type"			:	2,
		"hp"			:	3962544492,
		"attack"		:	3962544492,
		"lv_up_gold"	:	3962544492,
		"nature_num"	:	0,
		"speed"			:	120,
		"max_speed"		:	216,
		"time"			:	14,
		"up_time"		:	0.01,
		"max_time"		:	7,
		"pos"			:	3
	},
	"11": {
		"ID"			:	11,
		"res"			:	8,
		"name"			:	"夏秋",
		"type"			:	2,
		"hp"			:	85996761779,
		"attack"		:	85996761779,
		"lv_up_gold"	:	85996761779,
		"nature_num"	:	0,
		"speed"			:	96,
		"max_speed"		:	172,
		"time"			:	15,
		"up_time"		:	0.01,
		"max_time"		:	7.5,
		"pos"			:	1
	},
	"12": {
		"ID"			:	12,
		"res"			:	9,
		"name"			:	"夏春",
		"type"			:	2,
		"hp"			:	"7.4162496926e+013",
		"attack"		:	"7.4162496926e+013",
		"lv_up_gold"	:	"7.4162496926e+013",
		"nature_num"	:	0,
		"speed"			:	105,
		"max_speed"		:	189,
		"time"			:	16,
		"up_time"		:	0.01,
		"max_time"		:	8,
		"pos"			:	1
	},
	"13": {
		"ID"			:	13,
		"res"			:	10,
		"name"			:	"秦般若",
		"type"			:	2,
		"hp"			:	"7.6585691621e+014",
		"attack"		:	"1.356660823e+015",
		"lv_up_gold"	:	"1.0940813089e+015",
		"nature_num"	:	0,
		"speed"			:	120,
		"max_speed"		:	216,
		"time"			:	17,
		"up_time"		:	0.01,
		"max_time"		:	8.5,
		"pos"			:	3
	},
	"14": {
		"ID"			:	14,
		"res"			:	11,
		"name"			:	"宫羽",
		"type"			:	2,
		"hp"			:	"2.5303058554e+016",
		"attack"		:	"2.7700190417e+016",
		"lv_up_gold"	:	"2.6634798478e+016",
		"nature_num"	:	0,
		"speed"			:	115,
		"max_speed"		:	207,
		"time"			:	18,
		"up_time"		:	0.01,
		"max_time"		:	9,
		"pos"			:	2
	},
	"15": {
		"ID"			:	15,
		"res"			:	12,
		"name"			:	"萧景睿",
		"type"			:	2,
		"hp"			:	"8.6616658139e+019",
		"attack"		:	"7.2443023171e+019",
		"lv_up_gold"	:	"7.874241649e+019",
		"nature_num"	:	0,
		"speed"			:	130,
		"max_speed"		:	234,
		"time"			:	19,
		"up_time"		:	0.01,
		"max_time"		:	9.5,
		"pos"			:	3
	},
	"16": {
		"ID"			:	16,
		"res"			:	13,
		"name"			:	"卓青遥",
		"type"			:	2,
		"hp"			:	"1.4026881668e+021",
		"attack"		:	"1.2824577525e+021",
		"lv_up_gold"	:	"1.3358934922e+021",
		"nature_num"	:	0,
		"speed"			:	135,
		"max_speed"		:	243,
		"time"			:	20,
		"up_time"		:	0.01,
		"max_time"		:	10,
		"pos"			:	1
	},
	"17": {
		"ID"			:	17,
		"res"			:	14,
		"name"			:	"夏江",
		"type"			:	2,
		"hp"			:	"3.8304766541e+022",
		"attack"		:	"3.5021500837e+022",
		"lv_up_gold"	:	"3.6480730039e+022",
		"nature_num"	:	0,
		"speed"			:	110,
		"max_speed"		:	198,
		"time"			:	21,
		"up_time"		:	0.01,
		"max_time"		:	10.5,
		"pos"			:	2
	},
	"18": {
		"ID"			:	18,
		"res"			:	15,
		"name"			:	"誉王",
		"type"			:	2,
		"hp"			:	"2.362177199e+026",
		"attack"		:	"3.1125158386e+026",
		"lv_up_gold"	:	"2.7790319988e+026",
		"nature_num"	:	0,
		"speed"			:	80,
		"max_speed"		:	144,
		"time"			:	22,
		"up_time"		:	0.01,
		"max_time"		:	11,
		"pos"			:	3
	},
	"19": {
		"ID"			:	19,
		"res"			:	16,
		"name"			:	"谢玉",
		"type"			:	2,
		"hp"			:	"7.0485183671e+027",
		"attack"		:	"4.1206722762e+027",
		"lv_up_gold"	:	"5.4219372055e+027",
		"nature_num"	:	0,
		"speed"			:	100,
		"max_speed"		:	180,
		"time"			:	23,
		"up_time"		:	0.01,
		"max_time"		:	11.5,
		"pos"			:	1
	},
	"20": {
		"ID"			:	20,
		"res"			:	17,
		"name"			:	"列战英",
		"type"			:	2,
		"hp"			:	"1.4947912581e+029",
		"attack"		:	"1.7937495097e+029",
		"lv_up_gold"	:	"1.6608791757e+029",
		"nature_num"	:	0,
		"speed"			:	135,
		"max_speed"		:	243,
		"time"			:	24,
		"up_time"		:	0.01,
		"max_time"		:	12,
		"pos"			:	2
	},
	"21": {
		"ID"			:	21,
		"res"			:	18,
		"name"			:	"黎纲",
		"type"			:	2,
		"hp"			:	"2.426003136e+033",
		"attack"		:	"2.9112037632e+033",
		"lv_up_gold"	:	"2.69555904e+033",
		"nature_num"	:	0,
		"speed"			:	100,
		"max_speed"		:	180,
		"time"			:	25,
		"up_time"		:	0.01,
		"max_time"		:	12.5,
		"pos"			:	3
	},
	"22": {
		"ID"			:	22,
		"res"			:	19,
		"name"			:	"卓夫人",
		"type"			:	2,
		"hp"			:	"5.1407507859e+034",
		"attack"		:	"6.7736951532e+034",
		"lv_up_gold"	:	"6.0479421011e+034",
		"nature_num"	:	0,
		"speed"			:	140,
		"max_speed"		:	252,
		"time"			:	26,
		"up_time"		:	0.01,
		"max_time"		:	13,
		"pos"			:	1
	},
	"23": {
		"ID"			:	23,
		"res"			:	20,
		"name"			:	"宇文念",
		"type"			:	2,
		"hp"			:	"1.8703615276e+036",
		"attack"		:	"2.2444338331e+036",
		"lv_up_gold"	:	"2.0781794751e+036",
		"nature_num"	:	0,
		"speed"			:	110,
		"max_speed"		:	198,
		"time"			:	27,
		"up_time"		:	0.01,
		"max_time"		:	13.5,
		"pos"			:	2
	},
	"24": {
		"ID"			:	24,
		"res"			:	21,
		"name"			:	"霓凰郡主",
		"type"			:	2,
		"hp"			:	"5.3284748238e+040",
		"attack"		:	"7.0210491796e+040",
		"lv_up_gold"	:	"6.2687939104e+040",
		"nature_num"	:	0,
		"speed"			:	135,
		"max_speed"		:	243,
		"time"			:	28,
		"up_time"		:	0.01,
		"max_time"		:	14,
		"pos"			:	3
	},
	"25": {
		"ID"			:	25,
		"res"			:	22,
		"name"			:	"卫峥",
		"type"			:	2,
		"hp"			:	"1.6983606082e+042",
		"attack"		:	"1.5527868418e+042",
		"lv_up_gold"	:	"1.6174862935e+042",
		"nature_num"	:	0,
		"speed"			:	95,
		"max_speed"		:	171,
		"time"			:	30,
		"up_time"		:	0.01,
		"max_time"		:	15,
		"pos"			:	2
	},
	"26": {
		"ID"			:	26,
		"res"			:	23,
		"name"			:	"聂锋",
		"type"			:	2,
		"hp"			:	"4.675942574e+043",
		"attack"		:	"7.4815081184e+043",
		"lv_up_gold"	:	"6.2345900986e+043",
		"nature_num"	:	0,
		"speed"			:	140,
		"max_speed"		:	252,
		"time"			:	34,
		"up_time"		:	0.01,
		"max_time"		:	17,
		"pos"			:	1
	},
	"27": {
		"ID"			:	27,
		"res"			:	24,
		"name"			:	"甄平",
		"type"			:	2,
		"hp"			:	"3.4680009972e+048",
		"attack"		:	"2.9005099249e+048",
		"lv_up_gold"	:	"3.1527281792e+048",
		"nature_num"	:	0,
		"speed"			:	100,
		"max_speed"		:	180,
		"time"			:	36,
		"up_time"		:	0.01,
		"max_time"		:	18,
		"pos"			:	2
	},
	"28": {
		"ID"			:	28,
		"res"			:	25,
		"name"			:	"飞流",
		"type"			:	2,
		"hp"			:	"7.0162046642e+049",
		"attack"		:	"1.1225927463e+050",
		"lv_up_gold"	:	"9.3549395523e+049",
		"nature_num"	:	0,
		"speed"			:	150,
		"max_speed"		:	270,
		"time"			:	38,
		"up_time"		:	0.01,
		"max_time"		:	19,
		"pos"			:	3
	},
	"29": {
		"ID"			:	29,
		"res"			:	26,
		"name"			:	"靖王",
		"type"			:	2,
		"hp"			:	"4.6515531985e+051",
		"attack"		:	"3.5594494041e+051",
		"lv_up_gold"	:	"4.0448288683e+051",
		"nature_num"	:	0,
		"speed"			:	125,
		"max_speed"		:	225,
		"time"			:	40,
		"up_time"		:	0.01,
		"max_time"		:	20,
		"pos"			:	1
	},
	"30": {
		"ID"			:	30,
		"res"			:	27,
		"name"			:	"药王谷主",
		"type"			:	2,
		"hp"			:	"3.7947718785e+056",
		"attack"		:	"2.656340315e+056",
		"lv_up_gold"	:	"3.1623098988e+056",
		"nature_num"	:	0,
		"speed"			:	100,
		"max_speed"		:	180,
		"time"			:	43,
		"up_time"		:	0.01,
		"max_time"		:	21.5,
		"pos"			:	3
	},
	"31": {
		"ID"			:	31,
		"res"			:	28,
		"name"			:	"卓鼎风",
		"type"			:	2,
		"hp"			:	"1.1330420399e+058",
		"attack"		:	"1.0359241507e+058",
		"lv_up_gold"	:	"1.079087657e+058",
		"nature_num"	:	0,
		"speed"			:	130,
		"max_speed"		:	234,
		"time"			:	46,
		"up_time"		:	0.01,
		"max_time"		:	23,
		"pos"			:	1
	},
	"32": {
		"ID"			:	32,
		"res"			:	29,
		"name"			:	"蔺晨",
		"type"			:	2,
		"hp"			:	"4.7103184627e+059",
		"attack"		:	"5.6523821553e+059",
		"lv_up_gold"	:	"5.2336871808e+059",
		"nature_num"	:	0,
		"speed"			:	130,
		"max_speed"		:	234,
		"time"			:	48,
		"up_time"		:	0.01,
		"max_time"		:	24,
		"pos"			:	2
	},
	"33": {
		"ID"			:	33,
		"res"			:	30,
		"name"			:	"蒙挚",
		"type"			:	2,
		"hp"			:	"6.2225454404e+064",
		"attack"		:	"5.6891844026e+064",
		"lv_up_gold"	:	"5.9262337527e+064",
		"nature_num"	:	0,
		"speed"			:	120,
		"max_speed"		:	216,
		"time"			:	50,
		"up_time"		:	0.01,
		"max_time"		:	25,
		"pos"			:	3
	},
	"34": {
		"ID"			:	34,
		"res"			:	31,
		"name"			:	"梅长苏",
		"type"			:	2,
		"hp"			:	"2.5581240496e+066",
		"attack"		:	"2.1395219324e+066",
		"lv_up_gold"	:	"2.3255673178e+066",
		"nature_num"	:	0,
		"speed"			:	95,
		"max_speed"		:	171,
		"time"			:	54,
		"up_time"		:	0.01,
		"max_time"		:	27,
		"pos"			:	2
	},
	"35": {
		"ID"			:	35,
		"res"			:	32,
		"name"			:	"林殊",
		"type"			:	2,
		"hp"			:	"1.1387131372e+068",
		"attack"		:	"1.3664557646e+068",
		"lv_up_gold"	:	"1.2652368191e+068",
		"nature_num"	:	0,
		"speed"			:	130,
		"max_speed"		:	234,
		"time"			:	59,
		"up_time"		:	0.01,
		"max_time"		:	29.5,
		"pos"			:	1
	},
	"36": {
		"ID"			:	36,
		"res"			:	101,
		"name"			:	"赤炎神兵",
		"type"			:	3,
		"hp"			:	0,
		"attack"		:	0,
		"lv_up_gold"	:	0,
		"nature_num"	:	0,
		"speed"			:	300,
		"max_speed"		:	300,
		"time"			:	0,
		"up_time"		:	0,
		"max_time"		:	0,
		"pos"			:	0
	},
	"37": {
		"ID"			:	37,
		"res"			:	33,
		"name"			:	"般若真",
		"type"			:	4,
		"hp"			:	"1.8678678816e+073",
		"attack"		:	"2.0448237862e+073",
		"lv_up_gold"	:	"1.9661767175e+073",
		"nature_num"	:	3500,
		"speed"			:	100,
		"max_speed"		:	200,
		"time"			:	60,
		"up_time"		:	0.01,
		"max_time"		:	30,
		"pos"			:	3
	},
	"38": {
		"ID"			:	38,
		"res"			:	34,
		"name"			:	"季布",
		"type"			:	4,
		"hp"			:	"9.0504609529e+074",
		"attack"		:	"8.7310329193e+074",
		"lv_up_gold"	:	"8.8730009343e+074",
		"nature_num"	:	0,
		"speed"			:	100,
		"max_speed"		:	200,
		"time"			:	63,
		"up_time"		:	0.01,
		"max_time"		:	32,
		"pos"			:	1
	},
	"39": {
		"ID"			:	39,
		"res"			:	35,
		"name"			:	"岳秀泽",
		"type"			:	4,
		"hp"			:	"5.3067836086e+076",
		"attack"		:	"5.50172668e+076",
		"lv_up_gold"	:	"5.4150853149e+076",
		"nature_num"	:	5500,
		"speed"			:	100,
		"max_speed"		:	200,
		"time"			:	66,
		"up_time"		:	0.01,
		"max_time"		:	33,
		"pos"			:	2
	},
	"40": {
		"ID"			:	40,
		"res"			:	36,
		"name"			:	"柴明",
		"type"			:	4,
		"hp"			:	"1.159026381e+082",
		"attack"		:	"1.0596812626e+082",
		"lv_up_gold"	:	"1.1038346486e+082",
		"nature_num"	:	0,
		"speed"			:	100,
		"max_speed"		:	200,
		"time"			:	61,
		"up_time"		:	0.01,
		"max_time"		:	31,
		"pos"			:	3
	},
	"41": {
		"ID"			:	41,
		"res"			:	37,
		"name"			:	"拓跋昊",
		"type"			:	4,
		"hp"			:	"5.7286177015e+083",
		"attack"		:	"5.7286177015e+083",
		"lv_up_gold"	:	"5.7286177015e+083",
		"nature_num"	:	8500,
		"speed"			:	100,
		"max_speed"		:	200,
		"time"			:	64,
		"up_time"		:	0.01,
		"max_time"		:	33,
		"pos"			:	2
	},
	"42": {
		"ID"			:	42,
		"res"			:	38,
		"name"			:	"玄布",
		"type"			:	4,
		"hp"			:	"4.0393707041e+085",
		"attack"		:	"3.827597871e+085",
		"lv_up_gold"	:	"3.9217191302e+085",
		"nature_num"	:	10000,
		"speed"			:	100,
		"max_speed"		:	200,
		"time"			:	67,
		"up_time"		:	0.01,
		"max_time"		:	34,
		"pos"			:	1
	}
}
