{
	"1": {
		"ID"		:	1,
		"res"		:	136,
		"name"		:	"落雷神枪",
		"lv"		:	1,
		"max_lv"	:	2198,
		"quarty"	:	4,
		"type"		:	50,
		"count"		:	50,
		"lv_up"		:	45,
		"dec"		:	"上路英雄的生命和攻击力增加#1%",
		"up_skill"	:	0,
		"up_hero"	:	1,
		"upSoldier"	:	0,
		"upMonster"	:	0
	},
	"2": {
		"ID"		:	2,
		"res"		:	137,
		"name"		:	"饮血霸刀",
		"lv"		:	1,
		"max_lv"	:	2198,
		"quarty"	:	4,
		"type"		:	51,
		"count"		:	50,
		"lv_up"		:	45,
		"dec"		:	"中路英雄的生命和攻击力增加#1%",
		"up_skill"	:	0,
		"up_hero"	:	1,
		"upSoldier"	:	0,
		"upMonster"	:	0
	},
	"3": {
		"ID"		:	3,
		"res"		:	138,
		"name"		:	"御龙魔剑",
		"lv"		:	1,
		"max_lv"	:	2198,
		"quarty"	:	4,
		"type"		:	52,
		"count"		:	50,
		"lv_up"		:	45,
		"dec"		:	"下路英雄的生命和攻击力增加#1%",
		"up_skill"	:	0,
		"up_hero"	:	1,
		"upSoldier"	:	0,
		"upMonster"	:	0
	},
	"4": {
		"ID"		:	4,
		"res"		:	101,
		"name"		:	"和氏璧",
		"lv"		:	1,
		"max_lv"	:	6000,
		"quarty"	:	1,
		"type"		:	1,
		"count"		:	20,
		"lv_up"		:	16,
		"dec"		:	"赤焰军与英雄的生命增加#1%",
		"up_skill"	:	0,
		"up_hero"	:	1,
		"upSoldier"	:	1,
		"upMonster"	:	0
	},
	"5": {
		"ID"		:	5,
		"res"		:	102,
		"name"		:	"破冰刀",
		"lv"		:	1,
		"max_lv"	:	6000,
		"quarty"	:	1,
		"type"		:	2,
		"count"		:	20,
		"lv_up"		:	16,
		"dec"		:	"赤焰军与英雄的攻击力增加#1%",
		"up_skill"	:	0,
		"up_hero"	:	1,
		"upSoldier"	:	1,
		"upMonster"	:	0
	},
	"6": {
		"ID"		:	6,
		"res"		:	104,
		"name"		:	"金丝软甲",
		"lv"		:	1,
		"max_lv"	:	4000,
		"quarty"	:	2,
		"type"		:	1,
		"count"		:	40,
		"lv_up"		:	30,
		"dec"		:	"赤焰军与英雄的生命增加#1%",
		"up_skill"	:	0,
		"up_hero"	:	1,
		"upSoldier"	:	1,
		"upMonster"	:	0
	},
	"7": {
		"ID"		:	7,
		"res"		:	105,
		"name"		:	"冥火长剑",
		"lv"		:	1,
		"max_lv"	:	4000,
		"quarty"	:	2,
		"type"		:	2,
		"count"		:	40,
		"lv_up"		:	25,
		"dec"		:	"赤焰军与英雄的攻击力增加#1%",
		"up_skill"	:	0,
		"up_hero"	:	1,
		"upSoldier"	:	1,
		"upMonster"	:	0
	},
	"8": {
		"ID"		:	8,
		"res"		:	134,
		"name"		:	"御赐金坠",
		"lv"		:	1,
		"max_lv"	:	88,
		"quarty"	:	2,
		"type"		:	30,
		"count"		:	1,
		"lv_up"		:	0.5,
		"dec"		:	"宝箱的出现几率增加#1%",
		"up_skill"	:	0,
		"up_hero"	:	0,
		"upSoldier"	:	0,
		"upMonster"	:	0
	},
	"9": {
		"ID"		:	9,
		"res"		:	135,
		"name"		:	"金箔手链",
		"lv"		:	1,
		"max_lv"	:	297,
		"quarty"	:	2,
		"type"		:	31,
		"count"		:	3,
		"lv_up"		:	1,
		"dec"		:	"宝箱的金币收益增加#1%",
		"up_skill"	:	0,
		"up_hero"	:	0,
		"upSoldier"	:	0,
		"upMonster"	:	0
	},
	"10": {
		"ID"		:	10,
		"res"		:	103,
		"name"		:	"神兵指环",
		"lv"		:	1,
		"max_lv"	:	68,
		"quarty"	:	3,
		"type"		:	3,
		"count"		:	1,
		"lv_up"		:	0.5,
		"dec"		:	"赤焰军与英雄的移动速度增加#1%",
		"up_skill"	:	0,
		"up_hero"	:	1,
		"upSoldier"	:	1,
		"upMonster"	:	0
	},
	"11": {
		"ID"		:	11,
		"res"		:	111,
		"name"		:	"麒麟珠挂坠",
		"lv"		:	1,
		"max_lv"	:	299,
		"quarty"	:	3,
		"type"		:	7,
		"count"		:	0.5,
		"lv_up"		:	0.5,
		"dec"		:	"获得的金币增加#1%",
		"up_skill"	:	0,
		"up_hero"	:	0,
		"upSoldier"	:	0,
		"upMonster"	:	0
	},
	"12": {
		"ID"		:	12,
		"res"		:	112,
		"name"		:	"赤焰战甲",
		"lv"		:	1,
		"max_lv"	:	20000,
		"quarty"	:	3,
		"type"		:	8,
		"count"		:	0,
		"lv_up"		:	70,
		"dec"		:	"赤炎先锋的生命增加#1%",
		"up_skill"	:	0,
		"up_hero"	:	0,
		"upSoldier"	:	0,
		"upMonster"	:	0
	},
	"13": {
		"ID"		:	13,
		"res"		:	113,
		"name"		:	"幽冥长爪",
		"lv"		:	1,
		"max_lv"	:	5000,
		"quarty"	:	3,
		"type"		:	9,
		"count"		:	20,
		"lv_up"		:	20,
		"dec"		:	"赤炎先锋的攻击力增加#1%",
		"up_skill"	:	0,
		"up_hero"	:	0,
		"upSoldier"	:	0,
		"upMonster"	:	0
	},
	"14": {
		"ID"		:	14,
		"res"		:	114,
		"name"		:	"赤焰指环",
		"lv"		:	1,
		"max_lv"	:	69,
		"quarty"	:	3,
		"type"		:	10,
		"count"		:	0.5,
		"lv_up"		:	0.5,
		"dec"		:	"赤炎先锋的出现几率增加#1%",
		"up_skill"	:	0,
		"up_hero"	:	0,
		"upSoldier"	:	0,
		"upMonster"	:	0
	},
	"15": {
		"ID"		:	15,
		"res"		:	115,
		"name"		:	"踏雪战靴",
		"lv"		:	1,
		"max_lv"	:	98,
		"quarty"	:	3,
		"type"		:	11,
		"count"		:	2,
		"lv_up"		:	1,
		"dec"		:	"急行军技能的效果增加#1%",
		"up_skill"	:	6,
		"up_hero"	:	0,
		"upSoldier"	:	0,
		"upMonster"	:	0
	},
	"16": {
		"ID"		:	16,
		"res"		:	117,
		"name"		:	"飞羽战靴",
		"lv"		:	1,
		"max_lv"	:	45,
		"quarty"	:	3,
		"type"		:	13,
		"count"		:	0,
		"lv_up"		:	1,
		"dec"		:	"急行军技能持续时间增加#1秒",
		"up_skill"	:	6,
		"up_hero"	:	0,
		"upSoldier"	:	0,
		"upMonster"	:	0
	},
	"17": {
		"ID"		:	17,
		"res"		:	118,
		"name"		:	"金玉发冠",
		"lv"		:	1,
		"max_lv"	:	50,
		"quarty"	:	3,
		"type"		:	14,
		"count"		:	0,
		"lv_up"		:	2,
		"dec"		:	"钱袋子技能的效果增加#1%",
		"up_skill"	:	7,
		"up_hero"	:	0,
		"upSoldier"	:	0,
		"upMonster"	:	0
	},
	"18": {
		"ID"		:	18,
		"res"		:	120,
		"name"		:	"贪欲指环",
		"lv"		:	1,
		"max_lv"	:	100,
		"quarty"	:	3,
		"type"		:	16,
		"count"		:	0,
		"lv_up"		:	1,
		"dec"		:	"钱袋子技能的持续时间增加#1秒",
		"up_skill"	:	7,
		"up_hero"	:	0,
		"upSoldier"	:	0,
		"upMonster"	:	0
	},
	"19": {
		"ID"		:	19,
		"res"		:	123,
		"name"		:	"诛魔吊坠",
		"lv"		:	1,
		"max_lv"	:	45,
		"quarty"	:	3,
		"type"		:	19,
		"count"		:	0,
		"lv_up"		:	1,
		"dec"		:	"宗主密令技能的持续时间增加#1秒",
		"up_skill"	:	8,
		"up_hero"	:	0,
		"upSoldier"	:	0,
		"upMonster"	:	0
	},
	"20": {
		"ID"		:	20,
		"res"		:	127,
		"name"		:	"群雄号角",
		"lv"		:	1,
		"max_lv"	:	45,
		"quarty"	:	3,
		"type"		:	23,
		"count"		:	0,
		"lv_up"		:	1,
		"dec"		:	"赤焰大军技能的持续时间增加#1秒",
		"up_skill"	:	9,
		"up_hero"	:	0,
		"upSoldier"	:	0,
		"upMonster"	:	0
	},
	"21": {
		"ID"		:	21,
		"res"		:	132,
		"name"		:	"御龙长枪",
		"lv"		:	1,
		"max_lv"	:	2000,
		"quarty"	:	3,
		"type"		:	28,
		"count"		:	50,
		"lv_up"		:	40,
		"dec"		:	"增加已超过1000LV的英雄攻击力#1%",
		"up_skill"	:	0,
		"up_hero"	:	1,
		"upSoldier"	:	0,
		"upMonster"	:	0
	},
	"22": {
		"ID"		:	22,
		"res"		:	133,
		"name"		:	"魔焰重甲",
		"lv"		:	1,
		"max_lv"	:	2000,
		"quarty"	:	3,
		"type"		:	29,
		"count"		:	50,
		"lv_up"		:	35,
		"dec"		:	"增加已超过1000LV的英雄生命#1%",
		"up_skill"	:	0,
		"up_hero"	:	1,
		"upSoldier"	:	0,
		"upMonster"	:	0
	},
	"23": {
		"ID"		:	23,
		"res"		:	106,
		"name"		:	"龙岩重甲",
		"lv"		:	1,
		"max_lv"	:	5000,
		"quarty"	:	4,
		"type"		:	1,
		"count"		:	120,
		"lv_up"		:	90,
		"dec"		:	"赤焰军与英雄的生命增加#1%",
		"up_skill"	:	0,
		"up_hero"	:	1,
		"upSoldier"	:	1,
		"upMonster"	:	0
	},
	"24": {
		"ID"		:	24,
		"res"		:	107,
		"name"		:	"赤焰战刀",
		"lv"		:	1,
		"max_lv"	:	5000,
		"quarty"	:	4,
		"type"		:	2,
		"count"		:	120,
		"lv_up"		:	70,
		"dec"		:	"赤焰军与英雄的攻击力增加#1%",
		"up_skill"	:	0,
		"up_hero"	:	1,
		"upSoldier"	:	1,
		"upMonster"	:	0
	},
	"25": {
		"ID"		:	25,
		"res"		:	108,
		"name"		:	"军魂战刀",
		"lv"		:	1,
		"max_lv"	:	100,
		"quarty"	:	4,
		"type"		:	4,
		"count"		:	1,
		"lv_up"		:	1,
		"dec"		:	"赤焰军的召唤数量增加#1个",
		"up_skill"	:	0,
		"up_hero"	:	0,
		"upSoldier"	:	1,
		"upMonster"	:	0
	},
	"26": {
		"ID"		:	26,
		"res"		:	109,
		"name"		:	"碧蓝龙纹杖",
		"lv"		:	1,
		"max_lv"	:	8,
		"quarty"	:	4,
		"type"		:	5,
		"count"		:	2,
		"lv_up"		:	1,
		"dec"		:	"赤焰军的升级成本降低#1%",
		"up_skill"	:	0,
		"up_hero"	:	0,
		"upSoldier"	:	1,
		"upMonster"	:	0
	},
	"27": {
		"ID"		:	27,
		"res"		:	110,
		"name"		:	"金龙兵符",
		"lv"		:	1,
		"max_lv"	:	50,
		"quarty"	:	4,
		"type"		:	6,
		"count"		:	0,
		"lv_up"		:	0.3,
		"dec"		:	"英雄的升级成本降低#1%",
		"up_skill"	:	0,
		"up_hero"	:	1,
		"upSoldier"	:	0,
		"upMonster"	:	0
	},
	"28": {
		"ID"		:	28,
		"res"		:	116,
		"name"		:	"疾风紫玉靴",
		"lv"		:	1,
		"max_lv"	:	23,
		"quarty"	:	4,
		"type"		:	12,
		"count"		:	5,
		"lv_up"		:	5,
		"dec"		:	"急行军技能的冷却时间缩短#1秒",
		"up_skill"	:	6,
		"up_hero"	:	0,
		"upSoldier"	:	0,
		"upMonster"	:	0
	},
	"29": {
		"ID"		:	29,
		"res"		:	119,
		"name"		:	"帝王红钻指环",
		"lv"		:	1,
		"max_lv"	:	11,
		"quarty"	:	4,
		"type"		:	15,
		"count"		:	5,
		"lv_up"		:	5,
		"dec"		:	"钱袋子技能的冷却时间缩短#1秒",
		"up_skill"	:	7,
		"up_hero"	:	0,
		"upSoldier"	:	0,
		"upMonster"	:	0
	},
	"30": {
		"ID"		:	30,
		"res"		:	122,
		"name"		:	"火凤凰刃爪",
		"lv"		:	1,
		"max_lv"	:	15,
		"quarty"	:	4,
		"type"		:	18,
		"count"		:	5,
		"lv_up"		:	5,
		"dec"		:	"宗主密令技能的冷却时间缩短#1秒",
		"up_skill"	:	8,
		"up_hero"	:	0,
		"upSoldier"	:	0,
		"upMonster"	:	0
	},
	"31": {
		"ID"		:	31,
		"res"		:	124,
		"name"		:	"宗主羽扇",
		"lv"		:	1,
		"max_lv"	:	58,
		"quarty"	:	4,
		"type"		:	20,
		"count"		:	2,
		"lv_up"		:	1,
		"dec"		:	"赤焰大军技能的人数增加#1个",
		"up_skill"	:	9,
		"up_hero"	:	0,
		"upSoldier"	:	0,
		"upMonster"	:	0
	},
	"32": {
		"ID"		:	32,
		"res"		:	125,
		"name"		:	"青龙兵符",
		"lv"		:	1,
		"max_lv"	:	14,
		"quarty"	:	4,
		"type"		:	21,
		"count"		:	1,
		"lv_up"		:	1,
		"dec"		:	"赤焰大军技能的每秒召唤数增加#1个",
		"up_skill"	:	9,
		"up_hero"	:	0,
		"upSoldier"	:	0,
		"upMonster"	:	0
	},
	"33": {
		"ID"		:	33,
		"res"		:	126,
		"name"		:	"雪羽发冠",
		"lv"		:	1,
		"max_lv"	:	120,
		"quarty"	:	4,
		"type"		:	22,
		"count"		:	0,
		"lv_up"		:	6,
		"dec"		:	"赤焰大军技能的冷却时间缩短#1秒",
		"up_skill"	:	9,
		"up_hero"	:	0,
		"upSoldier"	:	0,
		"upMonster"	:	0
	},
	"34": {
		"ID"		:	34,
		"res"		:	129,
		"name"		:	"虎头军令状",
		"lv"		:	1,
		"max_lv"	:	15,
		"quarty"	:	4,
		"type"		:	25,
		"count"		:	0.5,
		"lv_up"		:	0.5,
		"dec"		:	"敌人的生命减少#1%",
		"up_skill"	:	0,
		"up_hero"	:	0,
		"upSoldier"	:	0,
		"upMonster"	:	1
	},
	"35": {
		"ID"		:	35,
		"res"		:	130,
		"name"		:	"赤焰兵符",
		"lv"		:	1,
		"max_lv"	:	10,
		"quarty"	:	4,
		"type"		:	26,
		"count"		:	1,
		"lv_up"		:	0.5,
		"dec"		:	"敌人的攻击力减少#1%",
		"up_skill"	:	0,
		"up_hero"	:	0,
		"upSoldier"	:	0,
		"upMonster"	:	1
	},
	"36": {
		"ID"		:	36,
		"res"		:	131,
		"name"		:	"诛魔羽扇",
		"lv"		:	1,
		"max_lv"	:	10,
		"quarty"	:	4,
		"type"		:	27,
		"count"		:	1,
		"lv_up"		:	0.5,
		"dec"		:	"敌人的生命恢复变慢#1%",
		"up_skill"	:	0,
		"up_hero"	:	0,
		"upSoldier"	:	0,
		"upMonster"	:	1
	}
}
