{
	"1": {
		"ID"	:	1,
		"lv"	:	10,
		"gold"	:	200
	},
	"2": {
		"ID"	:	2,
		"lv"	:	20,
		"gold"	:	900
	},
	"3": {
		"ID"	:	3,
		"lv"	:	30,
		"gold"	:	3700
	},
	"4": {
		"ID"	:	4,
		"lv"	:	40,
		"gold"	:	14700
	},
	"5": {
		"ID"	:	5,
		"lv"	:	50,
		"gold"	:	57100
	},
	"6": {
		"ID"	:	6,
		"lv"	:	60,
		"gold"	:	217100
	},
	"7": {
		"ID"	:	7,
		"lv"	:	70,
		"gold"	:	812200
	},
	"8": {
		"ID"	:	8,
		"lv"	:	80,
		"gold"	:	3000500
	},
	"9": {
		"ID"	:	9,
		"lv"	:	90,
		"gold"	:	10973400
	},
	"10": {
		"ID"	:	10,
		"lv"	:	100,
		"gold"	:	39799800
	},
	"11": {
		"ID"	:	11,
		"lv"	:	110,
		"gold"	:	132624500
	},
	"12": {
		"ID"	:	12,
		"lv"	:	120,
		"gold"	:	441024200
	},
	"13": {
		"ID"	:	13,
		"lv"	:	130,
		"gold"	:	1466564500
	},
	"14": {
		"ID"	:	14,
		"lv"	:	140,
		"gold"	:	4876854900
	},
	"15": {
		"ID"	:	15,
		"lv"	:	150,
		"gold"	:	16217297200
	},
	"16": {
		"ID"	:	16,
		"lv"	:	160,
		"gold"	:	53928345900
	},
	"17": {
		"ID"	:	17,
		"lv"	:	170,
		"gold"	:	"1.79331138e+011"
	},
	"18": {
		"ID"	:	18,
		"lv"	:	180,
		"gold"	:	"5.963404792e+011"
	},
	"19": {
		"ID"	:	19,
		"lv"	:	190,
		"gold"	:	"1.9830463121e+012"
	},
	"20": {
		"ID"	:	20,
		"lv"	:	200,
		"gold"	:	"6.5943410577e+012"
	},
	"21": {
		"ID"	:	21,
		"lv"	:	210,
		"gold"	:	"2.1928550961e+013"
	},
	"22": {
		"ID"	:	22,
		"lv"	:	220,
		"gold"	:	"7.2920299745e+013"
	},
	"23": {
		"ID"	:	23,
		"lv"	:	230,
		"gold"	:	"2.4248614948e+014"
	},
	"24": {
		"ID"	:	24,
		"lv"	:	240,
		"gold"	:	"8.0635337991e+014"
	},
	"25": {
		"ID"	:	25,
		"lv"	:	250,
		"gold"	:	"2.681413956e+015"
	},
	"26": {
		"ID"	:	26,
		"lv"	:	260,
		"gold"	:	"8.916661942e+015"
	},
	"27": {
		"ID"	:	27,
		"lv"	:	270,
		"gold"	:	"2.9651093818e+016"
	},
	"28": {
		"ID"	:	28,
		"lv"	:	280,
		"gold"	:	"9.8600500119e+016"
	},
	"29": {
		"ID"	:	29,
		"lv"	:	290,
		"gold"	:	"3.2788194143e+017"
	},
	"30": {
		"ID"	:	30,
		"lv"	:	300,
		"gold"	:	"1.0903247223e+018"
	},
	"31": {
		"ID"	:	31,
		"lv"	:	310,
		"gold"	:	"3.6257195008e+018"
	},
	"32": {
		"ID"	:	32,
		"lv"	:	320,
		"gold"	:	"1.2056813046e+019"
	},
	"33": {
		"ID"	:	33,
		"lv"	:	330,
		"gold"	:	"4.0093210343e+019"
	},
	"34": {
		"ID"	:	34,
		"lv"	:	340,
		"gold"	:	"1.3332424089e+020"
	},
	"35": {
		"ID"	:	35,
		"lv"	:	350,
		"gold"	:	"4.4335068943e+020"
	},
	"36": {
		"ID"	:	36,
		"lv"	:	360,
		"gold"	:	"1.474299228e+021"
	},
	"37": {
		"ID"	:	37,
		"lv"	:	370,
		"gold"	:	"4.902570747e+021"
	},
	"38": {
		"ID"	:	38,
		"lv"	:	380,
		"gold"	:	"1.6302795556e+022"
	},
	"39": {
		"ID"	:	39,
		"lv"	:	390,
		"gold"	:	"5.421260504e+022"
	},
	"40": {
		"ID"	:	40,
		"lv"	:	400,
		"gold"	:	"1.8027622377e+023"
	},
	"41": {
		"ID"	:	41,
		"lv"	:	410,
		"gold"	:	"5.9948263775e+023"
	},
	"42": {
		"ID"	:	42,
		"lv"	:	420,
		"gold"	:	"1.9934931524e+024"
	},
	"43": {
		"ID"	:	43,
		"lv"	:	430,
		"gold"	:	"6.6290740199e+024"
	},
	"44": {
		"ID"	:	44,
		"lv"	:	440,
		"gold"	:	"2.2044028812e+025"
	},
	"45": {
		"ID"	:	45,
		"lv"	:	450,
		"gold"	:	"7.330423285e+025"
	},
	"46": {
		"ID"	:	46,
		"lv"	:	460,
		"gold"	:	"2.4376262483e+026"
	},
	"47": {
		"ID"	:	47,
		"lv"	:	470,
		"gold"	:	"8.1059732053e+026"
	},
	"48": {
		"ID"	:	48,
		"lv"	:	480,
		"gold"	:	"2.6955239284e+027"
	},
	"49": {
		"ID"	:	49,
		"lv"	:	490,
		"gold"	:	"8.9635738432e+027"
	},
	"50": {
		"ID"	:	50,
		"lv"	:	500,
		"gold"	:	"2.9807063398e+028"
	},
	"51": {
		"ID"	:	51,
		"lv"	:	510,
		"gold"	:	"9.911905744e+028"
	},
	"52": {
		"ID"	:	52,
		"lv"	:	520,
		"gold"	:	"3.2960600644e+029"
	},
	"53": {
		"ID"	:	53,
		"lv"	:	530,
		"gold"	:	"1.0960567793e+030"
	},
	"54": {
		"ID"	:	54,
		"lv"	:	540,
		"gold"	:	"3.6447770642e+030"
	},
	"55": {
		"ID"	:	55,
		"lv"	:	550,
		"gold"	:	"1.2120174369e+031"
	},
	"56": {
		"ID"	:	56,
		"lv"	:	560,
		"gold"	:	"4.0303869871e+031"
	},
	"57": {
		"ID"	:	57,
		"lv"	:	570,
		"gold"	:	"1.3402462772e+032"
	},
	"58": {
		"ID"	:	58,
		"lv"	:	580,
		"gold"	:	"4.4567928914e+032"
	},
	"59": {
		"ID"	:	59,
		"lv"	:	590,
		"gold"	:	"1.4820412019e+033"
	},
	"60": {
		"ID"	:	60,
		"lv"	:	600,
		"gold"	:	"4.9283107487e+033"
	},
	"61": {
		"ID"	:	61,
		"lv"	:	610,
		"gold"	:	"1.6388374207e+034"
	},
	"62": {
		"ID"	:	62,
		"lv"	:	620,
		"gold"	:	"5.4497131266e+034"
	},
	"63": {
		"ID"	:	63,
		"lv"	:	630,
		"gold"	:	"1.812221977e+035"
	},
	"64": {
		"ID"	:	64,
		"lv"	:	640,
		"gold"	:	"6.0262774917e+035"
	},
	"65": {
		"ID"	:	65,
		"lv"	:	650,
		"gold"	:	"2.0039498104e+036"
	},
	"66": {
		"ID"	:	66,
		"lv"	:	660,
		"gold"	:	"6.6638396229e+036"
	},
	"67": {
		"ID"	:	67,
		"lv"	:	670,
		"gold"	:	"2.2159615183e+037"
	},
	"68": {
		"ID"	:	68,
		"lv"	:	680,
		"gold"	:	"7.3688526755e+037"
	},
	"69": {
		"ID"	:	69,
		"lv"	:	690,
		"gold"	:	"2.4504029972e+038"
	},
	"70": {
		"ID"	:	70,
		"lv"	:	700,
		"gold"	:	"8.1484524929e+038"
	},
	"71": {
		"ID"	:	71,
		"lv"	:	710,
		"gold"	:	"2.7096471603e+039"
	},
	"72": {
		"ID"	:	72,
		"lv"	:	720,
		"gold"	:	"9.0105298281e+039"
	},
	"73": {
		"ID"	:	73,
		"lv"	:	730,
		"gold"	:	"2.9963179543e+040"
	},
	"74": {
		"ID"	:	74,
		"lv"	:	740,
		"gold"	:	"9.9638102046e+040"
	},
	"75": {
		"ID"	:	75,
		"lv"	:	750,
		"gold"	:	"3.3133169153e+041"
	},
	"76": {
		"ID"	:	76,
		"lv"	:	760,
		"gold"	:	"1.1017942227e+042"
	},
	"77": {
		"ID"	:	77,
		"lv"	:	770,
		"gold"	:	"3.6638525353e+042"
	},
	"78": {
		"ID"	:	78,
		"lv"	:	780,
		"gold"	:	"1.218359523e+043"
	},
	"79": {
		"ID"	:	79,
		"lv"	:	790,
		"gold"	:	"4.0514727345e+043"
	},
	"80": {
		"ID"	:	80,
		"lv"	:	800,
		"gold"	:	"1.3472567266e+044"
	},
	"81": {
		"ID"	:	81,
		"lv"	:	810,
		"gold"	:	"4.4801007688e+044"
	},
	"82": {
		"ID"	:	82,
		"lv"	:	820,
		"gold"	:	"1.4897904504e+045"
	},
	"83": {
		"ID"	:	83,
		"lv"	:	830,
		"gold"	:	"4.9540749362e+045"
	},
	"84": {
		"ID"	:	84,
		"lv"	:	840,
		"gold"	:	"1.6474033269e+046"
	},
	"85": {
		"ID"	:	85,
		"lv"	:	850,
		"gold"	:	"5.4781924833e+046"
	},
	"86": {
		"ID"	:	86,
		"lv"	:	860,
		"gold"	:	"1.8216906046e+047"
	},
	"87": {
		"ID"	:	87,
		"lv"	:	870,
		"gold"	:	"6.0577581567e+047"
	},
	"88": {
		"ID"	:	88,
		"lv"	:	880,
		"gold"	:	"2.0144162931e+048"
	},
	"89": {
		"ID"	:	89,
		"lv"	:	890,
		"gold"	:	"6.6986378904e+048"
	},
	"90": {
		"ID"	:	90,
		"lv"	:	900,
		"gold"	:	"2.2275310155e+049"
	},
	"91": {
		"ID"	:	91,
		"lv"	:	910,
		"gold"	:	"7.4073181722e+049"
	},
	"92": {
		"ID"	:	92,
		"lv"	:	920,
		"gold"	:	"2.4631917504e+050"
	},
	"93": {
		"ID"	:	93,
		"lv"	:	930,
		"gold"	:	"8.1909716912e+050"
	},
	"94": {
		"ID"	:	94,
		"lv"	:	940,
		"gold"	:	"2.7237836613e+051"
	},
	"95": {
		"ID"	:	95,
		"lv"	:	950,
		"gold"	:	"9.0575299287e+051"
	},
	"96": {
		"ID"	:	96,
		"lv"	:	960,
		"gold"	:	"3.0119442359e+052"
	},
	"97": {
		"ID"	:	97,
		"lv"	:	970,
		"gold"	:	"1.0015763429e+053"
	},
	"98": {
		"ID"	:	98,
		"lv"	:	980,
		"gold"	:	"3.3305899787e+053"
	},
	"99": {
		"ID"	:	99,
		"lv"	:	990,
		"gold"	:	"1.1075370562e+054"
	},
	"100": {
		"ID"	:	100,
		"lv"	:	1000,
		"gold"	:	"3.6829459273e+054"
	},
	"101": {
		"ID"	:	101,
		"lv"	:	1010,
		"gold"	:	"1.2247075673e+055"
	},
	"102": {
		"ID"	:	102,
		"lv"	:	1020,
		"gold"	:	"4.072578291e+055"
	},
	"103": {
		"ID"	:	103,
		"lv"	:	1030,
		"gold"	:	"1.354273762e+056"
	},
	"104": {
		"ID"	:	104,
		"lv"	:	1040,
		"gold"	:	"4.5034305424e+056"
	},
	"105": {
		"ID"	:	105,
		"lv"	:	1050,
		"gold"	:	"1.4975469788e+057"
	},
	"106": {
		"ID"	:	106,
		"lv"	:	1060,
		"gold"	:	"4.979863327e+057"
	},
	"107": {
		"ID"	:	107,
		"lv"	:	1070,
		"gold"	:	"1.65597728e+058"
	},
	"108": {
		"ID"	:	108,
		"lv"	:	1080,
		"gold"	:	"5.5066985935e+058"
	},
	"109": {
		"ID"	:	109,
		"lv"	:	1090,
		"gold"	:	"1.831168127e+059"
	},
	"110": {
		"ID"	:	110,
		"lv"	:	1100,
		"gold"	:	"6.0892683942e+059"
	},
	"111": {
		"ID"	:	111,
		"lv"	:	1110,
		"gold"	:	"2.0248926077e+060"
	},
	"112": {
		"ID"	:	112,
		"lv"	:	1120,
		"gold"	:	"6.7334688461e+060"
	},
	"113": {
		"ID"	:	113,
		"lv"	:	1130,
		"gold"	:	"2.2391113805e+061"
	},
	"114": {
		"ID"	:	114,
		"lv"	:	1140,
		"gold"	:	"7.4458198013e+061"
	},
	"115": {
		"ID"	:	115,
		"lv"	:	1150,
		"gold"	:	"2.4759925165e+062"
	},
	"116": {
		"ID"	:	116,
		"lv"	:	1160,
		"gold"	:	"8.233530829e+062"
	},
	"117": {
		"ID"	:	117,
		"lv"	:	1170,
		"gold"	:	"2.737933441e+063"
	},
	"118": {
		"ID"	:	118,
		"lv"	:	1180,
		"gold"	:	"9.1045741771e+063"
	},
	"119": {
		"ID"	:	119,
		"lv"	:	1190,
		"gold"	:	"3.0275851954e+064"
	},
	"120": {
		"ID"	:	120,
		"lv"	:	1200,
		"gold"	:	"1.0067765453e+065"
	},
	"121": {
		"ID"	:	121,
		"lv"	:	1210,
		"gold"	:	"3.3478792665e+065"
	},
	"122": {
		"ID"	:	122,
		"lv"	:	1220,
		"gold"	:	"1.1132852839e+066"
	},
	"123": {
		"ID"	:	123,
		"lv"	:	1230,
		"gold"	:	"3.7020572531e+066"
	},
	"124": {
		"ID"	:	124,
		"lv"	:	1240,
		"gold"	:	"1.2310615741e+067"
	},
	"125": {
		"ID"	:	125,
		"lv"	:	1250,
		"gold"	:	"4.0937036708e+067"
	},
	"126": {
		"ID"	:	126,
		"lv"	:	1260,
		"gold"	:	"1.3612973881e+068"
	},
	"127": {
		"ID"	:	127,
		"lv"	:	1270,
		"gold"	:	"4.5267822282e+068"
	},
	"128": {
		"ID"	:	128,
		"lv"	:	1280,
		"gold"	:	"1.5053107922e+069"
	},
	"129": {
		"ID"	:	129,
		"lv"	:	1290,
		"gold"	:	"5.0056759387e+069"
	},
	"130": {
		"ID"	:	130,
		"lv"	:	1300,
		"gold"	:	"1.6645592858e+070"
	},
	"131": {
		"ID"	:	131,
		"lv"	:	1310,
		"gold"	:	"5.5352314767e+070"
	},
	"132": {
		"ID"	:	132,
		"lv"	:	1320,
		"gold"	:	"1.8406545506e+071"
	},
	"133": {
		"ID"	:	133,
		"lv"	:	1330,
		"gold"	:	"6.1208082255e+071"
	},
	"134": {
		"ID"	:	134,
		"lv"	:	1340,
		"gold"	:	"2.0353787615e+072"
	},
	"135": {
		"ID"	:	135,
		"lv"	:	1350,
		"gold"	:	"6.7683325139e+072"
	},
	"136": {
		"ID"	:	136,
		"lv"	:	1360,
		"gold"	:	"2.2507026213e+073"
	},
	"137": {
		"ID"	:	137,
		"lv"	:	1370,
		"gold"	:	"7.4843575893e+073"
	},
	"138": {
		"ID"	:	138,
		"lv"	:	1380,
		"gold"	:	"2.4888053044e+074"
	},
	"139": {
		"ID"	:	139,
		"lv"	:	1390,
		"gold"	:	"8.2761299354e+074"
	},
	"140": {
		"ID"	:	140,
		"lv"	:	1400,
		"gold"	:	"2.7520965091e+075"
	},
	"141": {
		"ID"	:	141,
		"lv"	:	1410,
		"gold"	:	"9.1516626055e+075"
	},
	"142": {
		"ID"	:	142,
		"lv"	:	1420,
		"gold"	:	"3.0432408434e+076"
	},
	"143": {
		"ID"	:	143,
		"lv"	:	1430,
		"gold"	:	"1.0119816312e+077"
	},
	"144": {
		"ID"	:	144,
		"lv"	:	1440,
		"gold"	:	"3.3651847905e+077"
	},
	"145": {
		"ID"	:	145,
		"lv"	:	1450,
		"gold"	:	"1.1190389096e+078"
	},
	"146": {
		"ID"	:	146,
		"lv"	:	1460,
		"gold"	:	"3.7211865258e+078"
	},
	"147": {
		"ID"	:	147,
		"lv"	:	1470,
		"gold"	:	"1.2374215476e+079"
	},
	"148": {
		"ID"	:	148,
		"lv"	:	1480,
		"gold"	:	"4.1148488886e+079"
	},
	"149": {
		"ID"	:	149,
		"lv"	:	1490,
		"gold"	:	"1.3683276097e+080"
	},
	"150": {
		"ID"	:	150,
		"lv"	:	1500,
		"gold"	:	"4.5501558421e+080"
	},
	"151": {
		"ID"	:	151,
		"lv"	:	1510,
		"gold"	:	"1.5130818962e+081"
	},
	"152": {
		"ID"	:	152,
		"lv"	:	1520,
		"gold"	:	"5.0315127889e+081"
	},
	"153": {
		"ID"	:	153,
		"lv"	:	1530,
		"gold"	:	"1.6731493501e+082"
	},
	"154": {
		"ID"	:	154,
		"lv"	:	1540,
		"gold"	:	"5.5637911522e+082"
	},
	"155": {
		"ID"	:	155,
		"lv"	:	1550,
		"gold"	:	"1.8501498818e+083"
	},
	"156": {
		"ID"	:	156,
		"lv"	:	1560,
		"gold"	:	"6.1523776723e+083"
	},
	"157": {
		"ID"	:	157,
		"lv"	:	1570,
		"gold"	:	"2.0458747615e+084"
	},
	"158": {
		"ID"	:	158,
		"lv"	:	1580,
		"gold"	:	"6.8032289176e+084"
	},
	"159": {
		"ID"	:	159,
		"lv"	:	1590,
		"gold"	:	"2.2623047458e+085"
	},
	"160": {
		"ID"	:	160,
		"lv"	:	1600,
		"gold"	:	"7.5229315622e+085"
	},
	"161": {
		"ID"	:	161,
		"lv"	:	1610,
		"gold"	:	"2.5016301227e+086"
	},
	"162": {
		"ID"	:	162,
		"lv"	:	1620,
		"gold"	:	"8.3187690395e+086"
	},
	"163": {
		"ID"	:	163,
		"lv"	:	1630,
		"gold"	:	"2.7662728752e+087"
	},
	"164": {
		"ID"	:	164,
		"lv"	:	1640,
		"gold"	:	"9.1987952459e+087"
	},
	"165": {
		"ID"	:	165,
		"lv"	:	1650,
		"gold"	:	"3.0589111906e+088"
	},
	"166": {
		"ID"	:	166,
		"lv"	:	1660,
		"gold"	:	"1.0171916042e+089"
	},
	"167": {
		"ID"	:	167,
		"lv"	:	1670,
		"gold"	:	"3.3825065625e+089"
	},
	"168": {
		"ID"	:	168,
		"lv"	:	1680,
		"gold"	:	"1.1247979372e+090"
	},
	"169": {
		"ID"	:	169,
		"lv"	:	1690,
		"gold"	:	"3.7403337584e+090"
	},
	"170": {
		"ID"	:	170,
		"lv"	:	1700,
		"gold"	:	"1.2437874923e+091"
	},
	"171": {
		"ID"	:	171,
		"lv"	:	1710,
		"gold"	:	"4.1360139586e+091"
	},
	"172": {
		"ID"	:	172,
		"lv"	:	1720,
		"gold"	:	"1.3753644316e+092"
	},
	"173": {
		"ID"	:	173,
		"lv"	:	1730,
		"gold"	:	"4.5735514e+092"
	},
	"174": {
		"ID"	:	174,
		"lv"	:	1740,
		"gold"	:	"1.5208602958e+093"
	},
	"175": {
		"ID"	:	175,
		"lv"	:	1750,
		"gold"	:	"5.0573738953e+093"
	},
	"176": {
		"ID"	:	176,
		"lv"	:	1760,
		"gold"	:	"1.681747479e+094"
	},
	"177": {
		"ID"	:	177,
		"lv"	:	1770,
		"gold"	:	"5.5923776397e+094"
	},
	"178": {
		"ID"	:	178,
		"lv"	:	1780,
		"gold"	:	"1.8596541273e+095"
	},
	"179": {
		"ID"	:	179,
		"lv"	:	1790,
		"gold"	:	"6.183976756e+095"
	},
	"180": {
		"ID"	:	180,
		"lv"	:	1800,
		"gold"	:	"2.0563806148e+096"
	},
	"181": {
		"ID"	:	181,
		"lv"	:	1810,
		"gold"	:	"6.8381580809e+096"
	},
	"182": {
		"ID"	:	182,
		"lv"	:	1820,
		"gold"	:	"2.273917762e+097"
	},
	"183": {
		"ID"	:	183,
		"lv"	:	1830,
		"gold"	:	"7.5615417465e+097"
	},
	"184": {
		"ID"	:	184,
		"lv"	:	1840,
		"gold"	:	"2.5144669802e+098"
	},
	"185": {
		"ID"	:	185,
		"lv"	:	1850,
		"gold"	:	"8.3614481703e+098"
	},
	"186": {
		"ID"	:	186,
		"lv"	:	1860,
		"gold"	:	"2.780462549e+099"
	},
	"187": {
		"ID"	:	187,
		"lv"	:	1870,
		"gold"	:	"9.2459721304e+099"
	},
	"188": {
		"ID"	:	188,
		"lv"	:	1880,
		"gold"	:	"3.0745962477e+100"
	},
	"189": {
		"ID"	:	189,
		"lv"	:	1890,
		"gold"	:	"1.0224064677e+101"
	},
	"190": {
		"ID"	:	190,
		"lv"	:	1900,
		"gold"	:	"3.3998445942e+101"
	},
	"191": {
		"ID"	:	191,
		"lv"	:	1910,
		"gold"	:	"1.1305623708e+102"
	},
	"192": {
		"ID"	:	192,
		"lv"	:	1920,
		"gold"	:	"3.759498964e+102"
	},
	"193": {
		"ID"	:	193,
		"lv"	:	1930,
		"gold"	:	"1.2501594125e+103"
	},
	"194": {
		"ID"	:	194,
		"lv"	:	1940,
		"gold"	:	"4.1571988954e+103"
	},
	"195": {
		"ID"	:	195,
		"lv"	:	1950,
		"gold"	:	"1.3824078585e+104"
	},
	"196": {
		"ID"	:	196,
		"lv"	:	1960,
		"gold"	:	"4.5969689179e+104"
	},
	"197": {
		"ID"	:	197,
		"lv"	:	1970,
		"gold"	:	"1.5286459965e+105"
	},
	"198": {
		"ID"	:	198,
		"lv"	:	1980,
		"gold"	:	"5.0832592755e+105"
	},
	"199": {
		"ID"	:	199,
		"lv"	:	1990,
		"gold"	:	"1.6903536781e+106"
	},
	"200": {
		"ID"	:	200,
		"lv"	:	2000,
		"gold"	:	"5.6209909586e+106"
	},
	"201": {
		"ID"	:	201,
		"lv"	:	2010,
		"gold"	:	"1.8691672933e+107"
	},
	"202": {
		"ID"	:	202,
		"lv"	:	2020,
		"gold"	:	"6.2156054982e+107"
	},
	"203": {
		"ID"	:	203,
		"lv"	:	2030,
		"gold"	:	"2.0668963288e+108"
	},
	"204": {
		"ID"	:	204,
		"lv"	:	2040,
		"gold"	:	"6.8731200276e+108"
	},
	"205": {
		"ID"	:	205,
		"lv"	:	2050,
		"gold"	:	"2.2855416776e+109"
	},
	"206": {
		"ID"	:	206,
		"lv"	:	2060,
		"gold"	:	"7.6001881685e+109"
	},
	"207": {
		"ID"	:	207,
		"lv"	:	2070,
		"gold"	:	"2.5273158857e+110"
	},
	"208": {
		"ID"	:	208,
		"lv"	:	2080,
		"gold"	:	"8.4041673571e+110"
	},
	"209": {
		"ID"	:	209,
		"lv"	:	2090,
		"gold"	:	"2.7946655402e+111"
	},
	"210": {
		"ID"	:	210,
		"lv"	:	2100,
		"gold"	:	"9.2931932914e+111"
	},
	"211": {
		"ID"	:	211,
		"lv"	:	2110,
		"gold"	:	"3.0902960253e+112"
	},
	"212": {
		"ID"	:	212,
		"lv"	:	2120,
		"gold"	:	"1.0276262254e+113"
	},
	"213": {
		"ID"	:	213,
		"lv"	:	2130,
		"gold"	:	"3.4171988976e+113"
	},
	"214": {
		"ID"	:	214,
		"lv"	:	2140,
		"gold"	:	"1.1363322142e+114"
	},
	"215": {
		"ID"	:	215,
		"lv"	:	2150,
		"gold"	:	"3.7786821557e+114"
	},
	"216": {
		"ID"	:	216,
		"lv"	:	2160,
		"gold"	:	"1.2565373126e+115"
	},
	"217": {
		"ID"	:	217,
		"lv"	:	2170,
		"gold"	:	"4.1784037133e+115"
	},
	"218": {
		"ID"	:	218,
		"lv"	:	2180,
		"gold"	:	"1.3894578954e+116"
	},
	"219": {
		"ID"	:	219,
		"lv"	:	2190,
		"gold"	:	"4.6204084117e+116"
	},
	"220": {
		"ID"	:	220,
		"lv"	:	2200,
		"gold"	:	"1.5364390036e+117"
	},
	"221": {
		"ID"	:	221,
		"lv"	:	2210,
		"gold"	:	"5.1091689471e+117"
	},
	"222": {
		"ID"	:	222,
		"lv"	:	2220,
		"gold"	:	"1.6989679534e+118"
	},
	"223": {
		"ID"	:	223,
		"lv"	:	2230,
		"gold"	:	"5.6496311284e+118"
	},
	"224": {
		"ID"	:	224,
		"lv"	:	2240,
		"gold"	:	"1.8786893865e+119"
	},
	"225": {
		"ID"	:	225,
		"lv"	:	2250,
		"gold"	:	"6.2472639204e+119"
	},
	"226": {
		"ID"	:	226,
		"lv"	:	2260,
		"gold"	:	"2.0774219105e+120"
	},
	"227": {
		"ID"	:	227,
		"lv"	:	2270,
		"gold"	:	"6.9081147816e+120"
	},
	"228": {
		"ID"	:	228,
		"lv"	:	2280,
		"gold"	:	"2.2971765007e+121"
	},
	"229": {
		"ID"	:	229,
		"lv"	:	2290,
		"gold"	:	"7.6388708546e+121"
	},
	"230": {
		"ID"	:	230,
		"lv"	:	2300,
		"gold"	:	"2.5401768479e+122"
	},
	"231": {
		"ID"	:	231,
		"lv"	:	2310,
		"gold"	:	"8.4469266288e+122"
	},
	"232": {
		"ID"	:	232,
		"lv"	:	2320,
		"gold"	:	"2.8088818585e+123"
	},
	"233": {
		"ID"	:	233,
		"lv"	:	2330,
		"gold"	:	"9.3404587609e+123"
	},
	"234": {
		"ID"	:	234,
		"lv"	:	2340,
		"gold"	:	"3.1060105343e+124"
	},
	"235": {
		"ID"	:	235,
		"lv"	:	2350,
		"gold"	:	"1.0328508808e+125"
	},
	"236": {
		"ID"	:	236,
		"lv"	:	2360,
		"gold"	:	"3.4345694843e+125"
	},
	"237": {
		"ID"	:	237,
		"lv"	:	2370,
		"gold"	:	"1.1421074713e+126"
	},
	"238": {
		"ID"	:	238,
		"lv"	:	2380,
		"gold"	:	"3.7978833465e+126"
	},
	"239": {
		"ID"	:	239,
		"lv"	:	2390,
		"gold"	:	"1.2629211968e+127"
	},
	"240": {
		"ID"	:	240,
		"lv"	:	2400,
		"gold"	:	"4.1996284269e+127"
	},
	"241": {
		"ID"	:	241,
		"lv"	:	2410,
		"gold"	:	"1.396514547e+128"
	},
	"242": {
		"ID"	:	242,
		"lv"	:	2420,
		"gold"	:	"4.6438698974e+128"
	},
	"243": {
		"ID"	:	243,
		"lv"	:	2430,
		"gold"	:	"1.5442393223e+129"
	},
	"244": {
		"ID"	:	244,
		"lv"	:	2440,
		"gold"	:	"5.1351029278e+129"
	},
	"245": {
		"ID"	:	245,
		"lv"	:	2450,
		"gold"	:	"1.7075903108e+130"
	},
	"246": {
		"ID"	:	246,
		"lv"	:	2460,
		"gold"	:	"5.6782981686e+130"
	},
	"247": {
		"ID"	:	247,
		"lv"	:	2470,
		"gold"	:	"1.8882204133e+131"
	},
	"248": {
		"ID"	:	248,
		"lv"	:	2480,
		"gold"	:	"6.2789520443e+131"
	},
	"249": {
		"ID"	:	249,
		"lv"	:	2490,
		"gold"	:	"2.0879573671e+132"
	},
	"250": {
		"ID"	:	250,
		"lv"	:	2500,
		"gold"	:	"6.9431423668e+132"
	},
	"251": {
		"ID"	:	251,
		"lv"	:	2510,
		"gold"	:	"2.3088222392e+133"
	},
	"252": {
		"ID"	:	252,
		"lv"	:	2520,
		"gold"	:	"7.677589831e+133"
	},
	"253": {
		"ID"	:	253,
		"lv"	:	2530,
		"gold"	:	"2.5530498756e+134"
	},
	"254": {
		"ID"	:	254,
		"lv"	:	2540,
		"gold"	:	"8.4897260147e+134"
	},
	"255": {
		"ID"	:	255,
		"lv"	:	2550,
		"gold"	:	"2.8231115135e+135"
	},
	"256": {
		"ID"	:	256,
		"lv"	:	2560,
		"gold"	:	"9.3877685711e+135"
	},
	"257": {
		"ID"	:	257,
		"lv"	:	2570,
		"gold"	:	"3.1217397852e+136"
	},
	"258": {
		"ID"	:	258,
		"lv"	:	2580,
		"gold"	:	"1.0380804375e+137"
	},
	"259": {
		"ID"	:	259,
		"lv"	:	2590,
		"gold"	:	"3.4519563664e+137"
	},
	"260": {
		"ID"	:	260,
		"lv"	:	2600,
		"gold"	:	"1.1478881462e+138"
	},
	"261": {
		"ID"	:	261,
		"lv"	:	2610,
		"gold"	:	"3.8171025496e+138"
	},
	"262": {
		"ID"	:	262,
		"lv"	:	2620,
		"gold"	:	"1.2693110695e+139"
	},
	"263": {
		"ID"	:	263,
		"lv"	:	2630,
		"gold"	:	"4.2208730505e+139"
	},
	"264": {
		"ID"	:	264,
		"lv"	:	2640,
		"gold"	:	"1.4035778181e+140"
	},
	"265": {
		"ID"	:	265,
		"lv"	:	2650,
		"gold"	:	"4.667353391e+140"
	},
	"266": {
		"ID"	:	266,
		"lv"	:	2660,
		"gold"	:	"1.5520469579e+141"
	},
	"267": {
		"ID"	:	267,
		"lv"	:	2670,
		"gold"	:	"5.1610612353e+141"
	},
	"268": {
		"ID"	:	268,
		"lv"	:	2680,
		"gold"	:	"1.7162207561e+142"
	},
	"269": {
		"ID"	:	269,
		"lv"	:	2690,
		"gold"	:	"5.7069920988e+142"
	},
	"270": {
		"ID"	:	270,
		"lv"	:	2700,
		"gold"	:	"1.8977603803e+143"
	},
	"271": {
		"ID"	:	271,
		"lv"	:	2710,
		"gold"	:	"6.3106698914e+143"
	},
	"272": {
		"ID"	:	272,
		"lv"	:	2720,
		"gold"	:	"2.0985027058e+144"
	},
	"273": {
		"ID"	:	273,
		"lv"	:	2730,
		"gold"	:	"6.978202807e+144"
	},
	"274": {
		"ID"	:	274,
		"lv"	:	2740,
		"gold"	:	"2.3204789009e+145"
	},
	"275": {
		"ID"	:	275,
		"lv"	:	2750,
		"gold"	:	"7.7163451242e+145"
	},
	"276": {
		"ID"	:	276,
		"lv"	:	2760,
		"gold"	:	"2.5659349775e+146"
	},
	"277": {
		"ID"	:	277,
		"lv"	:	2770,
		"gold"	:	"8.5325655438e+146"
	},
	"278": {
		"ID"	:	278,
		"lv"	:	2780,
		"gold"	:	"2.837354515e+147"
	},
	"279": {
		"ID"	:	279,
		"lv"	:	2790,
		"gold"	:	"9.4351227543e+147"
	},
	"280": {
		"ID"	:	280,
		"lv"	:	2800,
		"gold"	:	"3.1374837888e+148"
	},
	"281": {
		"ID"	:	281,
		"lv"	:	2810,
		"gold"	:	"1.043314899e+149"
	},
	"282": {
		"ID"	:	282,
		"lv"	:	2820,
		"gold"	:	"3.4693595555e+149"
	},
	"283": {
		"ID"	:	283,
		"lv"	:	2830,
		"gold"	:	"1.1536742427e+150"
	},
	"284": {
		"ID"	:	284,
		"lv"	:	2840,
		"gold"	:	"3.8363397779e+150"
	},
	"285": {
		"ID"	:	285,
		"lv"	:	2850,
		"gold"	:	"1.2757069351e+151"
	},
	"286": {
		"ID"	:	286,
		"lv"	:	2860,
		"gold"	:	"4.2421375987e+151"
	},
	"287": {
		"ID"	:	287,
		"lv"	:	2870,
		"gold"	:	"1.4106477135e+152"
	},
	"288": {
		"ID"	:	288,
		"lv"	:	2880,
		"gold"	:	"4.6908589086e+152"
	},
	"289": {
		"ID"	:	289,
		"lv"	:	2890,
		"gold"	:	"1.5598619159e+153"
	},
	"290": {
		"ID"	:	290,
		"lv"	:	2900,
		"gold"	:	"5.1870438873e+153"
	},
	"291": {
		"ID"	:	291,
		"lv"	:	2910,
		"gold"	:	"1.7248592953e+154"
	},
	"292": {
		"ID"	:	292,
		"lv"	:	2920,
		"gold"	:	"5.7357129385e+154"
	},
	"293": {
		"ID"	:	293,
		"lv"	:	2930,
		"gold"	:	"1.9073092938e+155"
	},
	"294": {
		"ID"	:	294,
		"lv"	:	2940,
		"gold"	:	"6.3424174833e+155"
	},
	"295": {
		"ID"	:	295,
		"lv"	:	2950,
		"gold"	:	"2.1090579337e+156"
	},
	"296": {
		"ID"	:	296,
		"lv"	:	2960,
		"gold"	:	"7.013296126e+156"
	},
	"297": {
		"ID"	:	297,
		"lv"	:	2970,
		"gold"	:	"2.332146494e+157"
	},
	"298": {
		"ID"	:	298,
		"lv"	:	2980,
		"gold"	:	"7.7551367606e+157"
	},
	"299": {
		"ID"	:	299,
		"lv"	:	2990,
		"gold"	:	"2.5788321624e+158"
	},
	"300": {
		"ID"	:	300,
		"lv"	:	3000,
		"gold"	:	"8.5754452454e+158"
	},
	"301": {
		"ID"	:	301,
		"lv"	:	3010,
		"gold"	:	"2.8516108726e+159"
	},
	"302": {
		"ID"	:	302,
		"lv"	:	3020,
		"gold"	:	"9.4825213427e+159"
	},
	"303": {
		"ID"	:	303,
		"lv"	:	3030,
		"gold"	:	"3.1532425558e+160"
	},
	"304": {
		"ID"	:	304,
		"lv"	:	3040,
		"gold"	:	"1.0485542689e+161"
	},
	"305": {
		"ID"	:	305,
		"lv"	:	3050,
		"gold"	:	"3.4867790637e+161"
	},
	"306": {
		"ID"	:	306,
		"lv"	:	3060,
		"gold"	:	"1.1594657647e+162"
	},
	"307": {
		"ID"	:	307,
		"lv"	:	3070,
		"gold"	:	"3.8555950447e+162"
	},
	"308": {
		"ID"	:	308,
		"lv"	:	3080,
		"gold"	:	"1.282108798e+163"
	},
	"309": {
		"ID"	:	309,
		"lv"	:	3090,
		"gold"	:	"4.2634220859e+163"
	},
	"310": {
		"ID"	:	310,
		"lv"	:	3100,
		"gold"	:	"1.417724238e+164"
	},
	"311": {
		"ID"	:	311,
		"lv"	:	3110,
		"gold"	:	"4.714386466e+164"
	},
	"312": {
		"ID"	:	312,
		"lv"	:	3120,
		"gold"	:	"1.5676842015e+165"
	},
	"313": {
		"ID"	:	313,
		"lv"	:	3130,
		"gold"	:	"5.2130509013e+165"
	},
	"314": {
		"ID"	:	314,
		"lv"	:	3140,
		"gold"	:	"1.7335059341e+166"
	},
	"315": {
		"ID"	:	315,
		"lv"	:	3150,
		"gold"	:	"5.7644607072e+166"
	},
	"316": {
		"ID"	:	316,
		"lv"	:	3160,
		"gold"	:	"1.9168671605e+167"
	},
	"317": {
		"ID"	:	317,
		"lv"	:	3170,
		"gold"	:	"6.3741948416e+167"
	},
	"318": {
		"ID"	:	318,
		"lv"	:	3180,
		"gold"	:	"2.1196230582e+168"
	},
	"319": {
		"ID"	:	319,
		"lv"	:	3190,
		"gold"	:	"7.0484223479e+168"
	},
	"320": {
		"ID"	:	320,
		"lv"	:	3200,
		"gold"	:	"2.3438250262e+169"
	},
	"321": {
		"ID"	:	321,
		"lv"	:	3210,
		"gold"	:	"7.7939647665e+169"
	},
	"322": {
		"ID"	:	322,
		"lv"	:	3220,
		"gold"	:	"2.5917414391e+170"
	},
	"323": {
		"ID"	:	323,
		"lv"	:	3230,
		"gold"	:	"8.6183651487e+170"
	},
	"324": {
		"ID"	:	324,
		"lv"	:	3240,
		"gold"	:	"2.8658805961e+171"
	},
	"325": {
		"ID"	:	325,
		"lv"	:	3250,
		"gold"	:	"9.5299643687e+171"
	},
	"326": {
		"ID"	:	326,
		"lv"	:	3260,
		"gold"	:	"3.169016097e+172"
	},
	"327": {
		"ID"	:	327,
		"lv"	:	3270,
		"gold"	:	"1.0537985508e+173"
	},
	"328": {
		"ID"	:	328,
		"lv"	:	3280,
		"gold"	:	"3.5042149026e+173"
	},
	"329": {
		"ID"	:	329,
		"lv"	:	3290,
		"gold"	:	"1.1652627163e+174"
	},
	"330": {
		"ID"	:	330,
		"lv"	:	3300,
		"gold"	:	"3.874868363e+174"
	},
	"331": {
		"ID"	:	331,
		"lv"	:	3310,
		"gold"	:	"1.2885166624e+175"
	},
	"332": {
		"ID"	:	332,
		"lv"	:	3320,
		"gold"	:	"4.2847265267e+175"
	},
	"333": {
		"ID"	:	333,
		"lv"	:	3330,
		"gold"	:	"1.4248073965e+176"
	},
	"334": {
		"ID"	:	334,
		"lv"	:	3340,
		"gold"	:	"4.7379360794e+176"
	},
	"335": {
		"ID"	:	335,
		"lv"	:	3350,
		"gold"	:	"1.57551382e+177"
	},
	"336": {
		"ID"	:	336,
		"lv"	:	3360,
		"gold"	:	"5.2390822953e+177"
	},
	"337": {
		"ID"	:	337,
		"lv"	:	3370,
		"gold"	:	"1.7421606784e+178"
	},
	"338": {
		"ID"	:	338,
		"lv"	:	3380,
		"gold"	:	"5.7932354245e+178"
	},
	"339": {
		"ID"	:	339,
		"lv"	:	3390,
		"gold"	:	"1.9264339867e+179"
	},
	"340": {
		"ID"	:	340,
		"lv"	:	3400,
		"gold"	:	"6.406001988e+179"
	},
	"341": {
		"ID"	:	341,
		"lv"	:	3410,
		"gold"	:	"2.1301980862e+180"
	},
	"342": {
		"ID"	:	342,
		"lv"	:	3420,
		"gold"	:	"7.0835814964e+180"
	},
	"343": {
		"ID"	:	343,
		"lv"	:	3430,
		"gold"	:	"2.3555145056e+181"
	},
	"344": {
		"ID"	:	344,
		"lv"	:	3440,
		"gold"	:	"7.8328291684e+181"
	},
	"345": {
		"ID"	:	345,
		"lv"	:	3450,
		"gold"	:	"2.6046628165e+182"
	},
	"346": {
		"ID"	:	346,
		"lv"	:	3460,
		"gold"	:	"8.6613252828e+182"
	},
	"347": {
		"ID"	:	347,
		"lv"	:	3470,
		"gold"	:	"2.8801636952e+183"
	},
	"348": {
		"ID"	:	348,
		"lv"	:	3480,
		"gold"	:	"9.5774518644e+183"
	},
	"349": {
		"ID"	:	349,
		"lv"	:	3490,
		"gold"	:	"3.184804423e+184"
	},
	"350": {
		"ID"	:	350,
		"lv"	:	3500,
		"gold"	:	"1.0590477482e+185"
	},
	"351": {
		"ID"	:	351,
		"lv"	:	3510,
		"gold"	:	"3.5216670843e+185"
	},
	"352": {
		"ID"	:	352,
		"lv"	:	3520,
		"gold"	:	"1.1710651013e+186"
	},
	"353": {
		"ID"	:	353,
		"lv"	:	3530,
		"gold"	:	"3.8941597459e+186"
	},
	"354": {
		"ID"	:	354,
		"lv"	:	3540,
		"gold"	:	"1.2949305328e+187"
	},
	"355": {
		"ID"	:	355,
		"lv"	:	3550,
		"gold"	:	"4.3060509354e+187"
	},
	"356": {
		"ID"	:	356,
		"lv"	:	3560,
		"gold"	:	"1.4318971938e+188"
	},
	"357": {
		"ID"	:	357,
		"lv"	:	3570,
		"gold"	:	"4.7615077647e+188"
	},
	"358": {
		"ID"	:	358,
		"lv"	:	3580,
		"gold"	:	"1.5833507768e+189"
	},
	"359": {
		"ID"	:	359,
		"lv"	:	3590,
		"gold"	:	"5.2651380868e+189"
	},
	"360": {
		"ID"	:	360,
		"lv"	:	3600,
		"gold"	:	"1.7508235343e+190"
	},
	"361": {
		"ID"	:	361,
		"lv"	:	3610,
		"gold"	:	"5.8220371101e+190"
	},
	"362": {
		"ID"	:	362,
		"lv"	:	3620,
		"gold"	:	"1.9360097791e+191"
	},
	"363": {
		"ID"	:	363,
		"lv"	:	3630,
		"gold"	:	"6.4378389442e+191"
	},
	"364": {
		"ID"	:	364,
		"lv"	:	3640,
		"gold"	:	"2.1407830251e+192"
	},
	"365": {
		"ID"	:	365,
		"lv"	:	3650,
		"gold"	:	"7.1187735955e+192"
	},
	"366": {
		"ID"	:	366,
		"lv"	:	3660,
		"gold"	:	"2.36721494e+193"
	},
	"367": {
		"ID"	:	367,
		"lv"	:	3670,
		"gold"	:	"7.8717299928e+193"
	},
	"368": {
		"ID"	:	368,
		"lv"	:	3680,
		"gold"	:	"2.6175963032e+194"
	},
	"369": {
		"ID"	:	369,
		"lv"	:	3690,
		"gold"	:	"8.704325677e+194"
	},
	"370": {
		"ID"	:	370,
		"lv"	:	3700,
		"gold"	:	"2.8944601795e+195"
	},
	"371": {
		"ID"	:	371,
		"lv"	:	3710,
		"gold"	:	"9.6249838622e+195"
	},
	"372": {
		"ID"	:	372,
		"lv"	:	3720,
		"gold"	:	"3.2006075447e+196"
	},
	"373": {
		"ID"	:	373,
		"lv"	:	3730,
		"gold"	:	"1.0643018647e+197"
	},
	"374": {
		"ID"	:	374,
		"lv"	:	3740,
		"gold"	:	"3.5391356205e+197"
	},
	"375": {
		"ID"	:	375,
		"lv"	:	3750,
		"gold"	:	"1.1768729237e+198"
	},
	"376": {
		"ID"	:	376,
		"lv"	:	3760,
		"gold"	:	"3.9134692066e+198"
	},
	"377": {
		"ID"	:	377,
		"lv"	:	3770,
		"gold"	:	"1.3013504135e+199"
	},
	"378": {
		"ID"	:	378,
		"lv"	:	3780,
		"gold"	:	"4.3273953267e+199"
	},
	"379": {
		"ID"	:	379,
		"lv"	:	3790,
		"gold"	:	"1.4389936346e+200"
	},
	"380": {
		"ID"	:	380,
		"lv"	:	3800,
		"gold"	:	"4.785101538e+200"
	},
	"381": {
		"ID"	:	381,
		"lv"	:	3810,
		"gold"	:	"1.5911950772e+201"
	},
	"382": {
		"ID"	:	382,
		"lv"	:	3820,
		"gold"	:	"5.2912182935e+201"
	},
	"383": {
		"ID"	:	383,
		"lv"	:	3830,
		"gold"	:	"1.7594945075e+202"
	},
	"384": {
		"ID"	:	384,
		"lv"	:	3840,
		"gold"	:	"5.8508657835e+202"
	},
	"385": {
		"ID"	:	385,
		"lv"	:	3850,
		"gold"	:	"1.9455945442e+203"
	},
	"386": {
		"ID"	:	386,
		"lv"	:	3860,
		"gold"	:	"6.4697057317e+203"
	},
	"387": {
		"ID"	:	387,
		"lv"	:	3870,
		"gold"	:	"2.1513778821e+204"
	},
	"388": {
		"ID"	:	388,
		"lv"	:	3880,
		"gold"	:	"7.1539986692e+204"
	},
	"389": {
		"ID"	:	389,
		"lv"	:	3890,
		"gold"	:	"2.3789263376e+205"
	},
	"390": {
		"ID"	:	390,
		"lv"	:	3900,
		"gold"	:	"7.9106672662e+205"
	},
	"391": {
		"ID"	:	391,
		"lv"	:	3910,
		"gold"	:	"2.6305419081e+206"
	},
	"392": {
		"ID"	:	392,
		"lv"	:	3920,
		"gold"	:	"8.7473663606e+206"
	},
	"393": {
		"ID"	:	393,
		"lv"	:	3930,
		"gold"	:	"2.9087700589e+207"
	},
	"394": {
		"ID"	:	394,
		"lv"	:	3940,
		"gold"	:	"9.6725603945e+207"
	},
	"395": {
		"ID"	:	395,
		"lv"	:	3950,
		"gold"	:	"3.2164254728e+208"
	},
	"396": {
		"ID"	:	396,
		"lv"	:	3960,
		"gold"	:	"1.0695609039e+209"
	},
	"397": {
		"ID"	:	397,
		"lv"	:	3970,
		"gold"	:	"3.5566205232e+209"
	},
	"398": {
		"ID"	:	398,
		"lv"	:	3980,
		"gold"	:	"1.1826861875e+210"
	},
	"399": {
		"ID"	:	399,
		"lv"	:	3990,
		"gold"	:	"3.9327967583e+210"
	},
	"400": {
		"ID"	:	400,
		"lv"	:	4000,
		"gold"	:	"1.3077763089e+211"
	}
}
