{
	"1": {
		"ID"		:	1,
		"name"		:	"钻石",
		"diamond"	:	0,
		"dec"		:	"购买钻石"
	},
	"2": {
		"ID"		:	2,
		"name"		:	"一大笔钱",
		"diamond"	:	400,
		"dec"		:	"获得#1金币"
	},
	"3": {
		"ID"		:	3,
		"name"		:	"十笔大钱",
		"diamond"	:	4000,
		"dec"		:	"获得#1金币"
	},
	"4": {
		"ID"		:	4,
		"name"		:	"赤炎冲锋",
		"diamond"	:	400,
		"dec"		:	"出现大量赤焰军帮你战斗，持续60秒。"
	},
	"5": {
		"ID"		:	5,
		"name"		:	"技能恢复",
		"diamond"	:	200,
		"dec"		:	"立即冷却所有的技能。"
	}
}
